species,island,bill_length_mm,bill_depth_mm,flipper_length_mm,body_mass_g,sex
Gentoo,Biscoe,51.21159379,10.78410063,198,6536,female
Chinstrap,Dream,49.57872275,30,190,3280,male
Gentoo,Biscoe,54.47381419,16.43515802,208,4077,female
Adelie,Biscoe,44.90799783,25.89413961,204,3665,female
Adelie,Dream,26.30420121,13.73611307,160,8000,male
Chinstrap,Dream,62.20011501,20.25314874,221,3514,male
Adelie,Biscoe,54.87070783,14.80069144,210,5418,male
Chinstrap,Dream,58.72710707,37,203,2952,male
Gentoo,Biscoe,48.5346294,15.3295064,224,3479,female
Gentoo,Biscoe,57.31129111,55,211,4975,female
Adelie,Biscoe,28.57688912,30,241,2000,male
Adelie,Biscoe,38.12037359,22.32406502,169,3869,male
Adelie,Torgersen,36.25017758,18.63741486,182,5308,male
Adelie,Dream,25,69,260,2000,male
Gentoo,Biscoe,59.27382686,15.26223323,241,5441,male
Gentoo,Biscoe,49.05009535,89,232,5076,female
Chinstrap,Dream,45.94436989,22.86893545,196,2710,female
Gentoo,Biscoe,54.42901108,16.45103075,215,4319,male
Gentoo,Biscoe,40.66627478,16.80707911,210,5499,female
Chinstrap,Dream,54.5551632,18.54661724,232,4337,female
Adelie,Dream,41.29091817,34,191,3528,male
Adelie,Biscoe,37.07113124,17.0111715,161,3331,male
Gentoo,Biscoe,41.79542664,16.43049865,198,4822,female
Adelie,Dream,34.57216163,16.7984952,209,3301,female
Adelie,Biscoe,29.56370796,10,191,2000,female
Gentoo,Biscoe,52.21537579,13.354283,219,6920,female
Gentoo,Biscoe,49.06096397,12.93652753,221,6046,male
Chinstrap,Dream,48.54090304,21.00205151,188,3902,female
Gentoo,Biscoe,46.04514295,19.78790405,211,4492,male
Gentoo,Biscoe,48.40702446,16.44304626,220,7339,female
Gentoo,Biscoe,51.32629337,16.3322793,195,4935,female
Adelie,Torgersen,37.35683538,12.14276713,205,3308,female
Adelie,Biscoe,37.44520962,19.46430148,168,2758,female
Adelie,Biscoe,36.56267044,45,176,3641,female
Gentoo,Biscoe,59.55389911,16.85675922,210,5936,male
Adelie,Biscoe,31.1386934,17.12812511,184,3179,female
Adelie,Torgersen,41.74237547,14.24080034,179,3282,male
Adelie,Torgersen,32.82387491,18.26589838,200,4271,female
Chinstrap,Dream,27.6905677,21.72998214,213,5727,male
Adelie,Dream,45.05330208,18.68426622,211,4960,male
Adelie,Dream,39.77851819,18.54851461,174,3408,male
Chinstrap,Dream,67.6938355,55,205,2000,male
Gentoo,Biscoe,45.12794346,16.91698528,189,5836,male
Chinstrap,Dream,55.5078579,16.46343847,186,5706,male
Gentoo,Biscoe,47.67455855,12.7503708,235,6973,female
Gentoo,Biscoe,38.10818762,17.57835007,234,5979,male
Adelie,Torgersen,37.79913133,37,166,4693,male
Gentoo,Biscoe,49.98958873,13.59106541,229,7056,female
Gentoo,Biscoe,41.46684187,15.81620616,238,4532,male
Chinstrap,Dream,50.95457999,16.07440737,190,3068,male
Adelie,Torgersen,39.45152601,21.59027854,202,2118,male
Gentoo,Biscoe,52.50880316,17.26613125,209,4029,male
Adelie,Dream,25.97234706,21.23235784,178,3390,female
Adelie,Dream,31.92986228,90,196,2000,female
Adelie,Biscoe,32.46610816,20.23866641,189,2145,female
Adelie,Torgersen,40.26905675,18.8716864,214,3239,female
Chinstrap,Dream,57.65291881,16.82143381,190,5401,female
Adelie,Dream,39.4519683,24.71226093,196,2874,male
Chinstrap,Dream,57.69511879,21.15315107,187,3180,male
Gentoo,Biscoe,43.04726173,16.24979331,186,4599,male
Gentoo,Biscoe,47.69644736,15.67589259,198,5722,male
Gentoo,Biscoe,61.50621002,19.21260086,260,3037,female
Gentoo,Biscoe,42.33801613,17.24515612,222,6311,female
Adelie,Biscoe,43.82754128,20.34896378,199,4102,male
Adelie,Biscoe,44.6817559,16.83573813,220,3592,male
Adelie,Biscoe,37.33480399,24.11221065,185,2407,female
Adelie,Biscoe,51.60183961,18.89132197,206,2686,female
Adelie,Dream,49.50166412,16.30866652,200,4006,male
Chinstrap,Dream,48.20310112,13.38419606,206,4208,female
Adelie,Torgersen,30.84894205,22.53245928,195,4729,male
Gentoo,Biscoe,54.86021992,14.46947217,216,4981,male
Adelie,Dream,39.53553553,17.86032434,185,4045,male
Chinstrap,Dream,49.64344644,17.25513371,194,3196,female
Gentoo,Biscoe,58.27180089,15.98989476,216,7485,male
Adelie,Torgersen,40.60057068,19.17499757,214,3681,female
Chinstrap,Dream,54.73342248,16.29598109,226,3442,male
Chinstrap,Dream,56.3032957,21.2617495,178,3428,male
Chinstrap,Dream,49.30863931,17.73234515,185,3393,female
Gentoo,Biscoe,52.99114816,18.3350901,188,4947,male
Adelie,Torgersen,33.14650392,17.88119352,172,4405,female
Adelie,Dream,40.9989163,17.59505775,163,4303,male
Chinstrap,Dream,56.71718803,21.18069021,178,3046,male
Gentoo,Biscoe,58.86442232,13.37553512,199,4374,male
Adelie,Dream,38.98513348,14.63868832,169,4627,male
Chinstrap,Dream,54.29043715,20.28909296,190,3772,female
Gentoo,Biscoe,61.032706,16.4298896,200,5079,male
Gentoo,Biscoe,61.57252278,18.01910205,209,4977,male
Adelie,Biscoe,40.28175072,18.73192023,236,3799,male
Adelie,Biscoe,39.46735432,14.70779626,175,3330,male
Adelie,Torgersen,33.51795902,20.55276833,181,3195,male
Adelie,Biscoe,42.67152328,13.67350625,189,4426,male
Chinstrap,Dream,42.38346484,21.38261138,214,3940,male
Gentoo,Biscoe,55.94624021,18.7688664,222,6447,male
Gentoo,Biscoe,48.25004477,15.00252539,223,3393,male
Adelie,Torgersen,31.97651322,14.42372854,196,3038,female
Gentoo,Biscoe,50.52692315,13.9513766,249,5228,male
Adelie,Torgersen,39.40084176,15.3254019,177,4091,female
Adelie,Dream,48.71353247,20.75859552,204,4235,female
Adelie,Dream,38.68389684,23.6067704,174,3442,female
Adelie,Torgersen,41.87954805,22.4505661,179,3705,female
Chinstrap,Dream,41.88843213,18.63345456,167,3830,female
Gentoo,Biscoe,42.82803644,11.95452398,245,3599,male
Adelie,Torgersen,42.36497867,17.25890003,170,4755,male
Gentoo,Biscoe,47.52828164,17.31357228,222,7275,male
Chinstrap,Dream,41.46867124,23.11096181,184,2000,female
Adelie,Torgersen,37.97178211,23.77853453,184,3687,male
Gentoo,Biscoe,49.08268454,17.28685137,225,4749,male
Gentoo,Biscoe,43.4542374,17.67009766,196,6363,female
Adelie,Dream,38.24728741,16.11082917,186,4178,female
Gentoo,Biscoe,56.04809982,13.77364394,221,3350,male
Gentoo,Biscoe,46.75721043,17.55539332,227,2000,female
Chinstrap,Dream,40.07673634,20.84665172,237,3277,male
Adelie,Dream,40.88382989,20.14341018,212,2701,female
Chinstrap,Dream,51.88974493,21.04886861,208,2907,female
Adelie,Torgersen,36.05375444,18.15365586,210,2393,male
Gentoo,Biscoe,53.18470557,16.02587394,240,5612,female
Chinstrap,Dream,42.39353535,10,198,2000,male
Adelie,Biscoe,41.73539344,14.08932933,215,3975,male
Adelie,Biscoe,34.12399009,15.06795071,181,3706,male
Chinstrap,Dream,48.1870514,16.53499759,199,5374,male
Adelie,Dream,30.26373057,10,166,8000,male
Gentoo,Biscoe,47.24969476,13.2260434,230,3947,female
Gentoo,Biscoe,40.34142443,11.90135827,224,7901,female
Gentoo,Biscoe,51.15730648,12.57555035,213,4819,female
Gentoo,Biscoe,62.24200537,10.80653475,223,5440,male
Adelie,Dream,44.01297351,18.73682249,197,4401,male
Adelie,Biscoe,37.86250484,16.0669471,257,2000,female
Adelie,Dream,27.46303051,17.84688447,192,2987,female
Adelie,Dream,31.61411894,15.29523526,176,4913,male
Adelie,Dream,34.53913099,17.07668545,208,2778,male
Chinstrap,Dream,70,17.44498112,170,5372,female
Gentoo,Biscoe,48.08532771,12.82751545,193,4039,male
Adelie,Biscoe,42.66169169,21.69174683,181,3622,female
Adelie,Dream,32.91973165,18.5779271,185,2624,female
Chinstrap,Dream,56.96563394,18.48860158,191,3845,male
Adelie,Dream,34.83180648,17.15040559,203,4354,female
Chinstrap,Dream,47.31912157,17.58793424,199,3335,female
Gentoo,Biscoe,50.6753776,12.43399915,237,6171,male
Gentoo,Biscoe,54.98645074,13.38264087,234,4835,male
Chinstrap,Dream,44.77703687,18.92270726,199,3765,female
Gentoo,Biscoe,25.33686005,15.20423835,188,5344,female
Gentoo,Biscoe,46.92971847,14.60426927,215,4471,female
Adelie,Biscoe,33.31205797,21.69814403,190,4668,male
Chinstrap,Dream,48.83799035,19.51823932,210,3944,male
Adelie,Dream,48.655473,17.49909225,185,5183,male
Chinstrap,Dream,47.27611563,23.6770347,202,4214,female
Adelie,Dream,30.39901379,14.48258049,197,4097,female
Adelie,Dream,30.2365523,17.3623471,165,4610,male
Gentoo,Biscoe,55.29689518,13.69573087,204,2000,female
Chinstrap,Dream,56.60044549,19.84552034,206,3921,male
Adelie,Torgersen,47.39874401,15.2544521,182,2295,male
Chinstrap,Dream,58.84464742,20.15502516,176,3885,female
Gentoo,Biscoe,48.25842034,16.14389621,211,6015,male
Gentoo,Biscoe,47.56569726,14.75392259,210,5970,male
Gentoo,Biscoe,46.91012972,11.73277587,231,3911,female
Chinstrap,Dream,52.86544193,14.85672643,180,3281,male
Adelie,Torgersen,43.19616834,17.61501455,197,3264,female
Adelie,Dream,38.64249036,19.96407897,191,3237,female
Adelie,Dream,40.8489763,17.56109197,177,4249,male
Adelie,Torgersen,40.8002323,19.37934393,160,3825,male
Adelie,Biscoe,36.35287349,10,175,6224,female
Chinstrap,Dream,54.8184314,19.09825449,216,4630,female
Chinstrap,Dream,57.38371292,18.24070012,200,3891,male
Adelie,Biscoe,34.15237294,12.28360136,178,2000,female
Gentoo,Biscoe,38.44120828,16.51396997,230,5180,male
Gentoo,Biscoe,61.85299259,12.34681321,233,5560,male
Gentoo,Biscoe,44.75349255,13.69678065,204,4245,male
Gentoo,Biscoe,25,10,200,5104,male
Adelie,Dream,44.34329488,18.13333031,190,3714,female
Chinstrap,Dream,57.6547256,19.51212893,199,3770,female
Gentoo,Biscoe,56.20158415,17.08016061,223,6039,male
Gentoo,Biscoe,49.32439705,10.4346936,237,5194,female
Gentoo,Biscoe,48.19172353,13.05556613,249,5622,male
Adelie,Torgersen,36.43148467,23.78200034,172,2000,male
Adelie,Torgersen,36.32548073,12.176056,197,5393,male
Adelie,Biscoe,35.42182187,25.01815508,197,3510,female
Gentoo,Biscoe,45.58979056,16.56247728,209,3108,female
Chinstrap,Dream,47.61584325,17.1601692,202,2361,male
Gentoo,Biscoe,46.06983608,15.1581564,234,4554,male
Adelie,Dream,42.37317731,15.19954441,194,2746,female
Chinstrap,Dream,47.67113782,10.19118665,244,4963,male
Chinstrap,Dream,57.92502982,17.84353171,191,3842,male
Chinstrap,Dream,46.98801587,18.14694559,221,5053,female
Gentoo,Biscoe,49.21430745,15.83727749,230,5396,male
Chinstrap,Dream,25,22.4718106,258,5480,male
Adelie,Biscoe,48.84454121,18.16843471,206,2947,female
Adelie,Biscoe,41.12327554,14.48643255,196,3515,male
Adelie,Torgersen,36.39723616,13.80839949,171,5490,female
Adelie,Biscoe,42.42373213,20.12808067,169,3375,female
Adelie,Torgersen,34.96893266,14.97246292,207,4818,female
Adelie,Biscoe,41.21616423,18.61262861,204,2436,female
Gentoo,Biscoe,42.17608748,15.47442615,218,4624,female
Adelie,Dream,30.37234576,18.14658447,197,3987,female
Gentoo,Biscoe,39.5479892,15.52594903,224,7407,female
Adelie,Torgersen,43.58781663,15.88149778,165,6340,female
Gentoo,Biscoe,53.21943167,18.9865689,221,6414,female
Adelie,Dream,30.53056372,22.37995305,215,4217,male
Adelie,Torgersen,34.71232112,22.70050439,201,4212,female
Chinstrap,Dream,53.44413615,20.13979149,177,4182,female
Gentoo,Biscoe,48.64972947,16.96227616,232,5762,female
Chinstrap,Dream,53.42180047,15.89591607,182,4215,female
Gentoo,Biscoe,70,16.70979611,228,4090,female
Gentoo,Biscoe,42.47983155,13.82828916,200,4349,male
Adelie,Dream,30.37056322,14.40621432,198,3760,female
Gentoo,Biscoe,47.25178312,16.47409586,195,7586,male
Adelie,Biscoe,37.52270163,14.97324962,197,2000,female
Chinstrap,Dream,50.51456218,17.41987759,212,2819,male
Chinstrap,Dream,44.22093348,19.51947067,180,5407,female
Chinstrap,Dream,63.57057228,16.09326426,206,2677,female
Adelie,Biscoe,42.82469945,14.65560795,210,2893,female
Adelie,Biscoe,25,10,160,5923,male
Adelie,Torgersen,32.07879526,16.792966,217,3365,male
Adelie,Dream,41.54363665,18.42664317,180,2129,male
Gentoo,Biscoe,48.05047038,15.78373302,225,5320,male
Gentoo,Biscoe,42.85033704,10.25953913,209,4025,male
Adelie,Biscoe,31.41297397,15.12394019,188,3817,male
Chinstrap,Dream,48.50331886,16.25619121,197,5390,female
Gentoo,Biscoe,57.19652234,18.03110696,240,4170,male
Adelie,Torgersen,37.29249389,17.64120496,200,3752,male
Gentoo,Biscoe,44.72976637,12.70508336,229,5849,female
Chinstrap,Dream,42.68759764,20.87906121,204,5284,male
Adelie,Dream,37.15124953,13.75326946,178,4841,male
Gentoo,Biscoe,55.23051859,17.17552868,232,4206,male
Gentoo,Biscoe,56.30235032,13.55672492,206,5986,female
Gentoo,Biscoe,32.35604846,11.80930382,202,4924,male
Adelie,Dream,37.92978295,16.29702898,193,2727,male
Gentoo,Biscoe,34.62173768,11.97566782,171,6895,female
Gentoo,Biscoe,44.28239784,12.05097516,199,5002,male
Chinstrap,Dream,57.7355961,17.11591266,213,3959,female
Chinstrap,Dream,41.20180318,20.13114348,219,3915,female
Adelie,Dream,36.37813048,17.23793635,179,4686,male
Gentoo,Biscoe,47.33261765,16.22431229,222,4160,male
Chinstrap,Dream,50.07146749,21.75002848,213,3656,male
Chinstrap,Dream,42.70274781,17.09014557,160,4807,female
Adelie,Torgersen,33.86577927,15.5001416,187,3970,male
Adelie,Dream,40.9301675,20.82021874,180,4422,female
Gentoo,Biscoe,48.86653652,14.86347877,220,5517,female
Adelie,Biscoe,34.39980574,20.43776873,161,3074,female
Gentoo,Biscoe,44.92585666,16.51298266,192,7933,male
Chinstrap,Dream,70,13.12486679,179,6677,female
Adelie,Torgersen,32.18104074,17.25819193,193,2342,female
Adelie,Biscoe,29.79739555,18.16566825,177,3035,male
Gentoo,Biscoe,55.86577669,13.44975125,232,5027,male
Gentoo,Biscoe,46.16512595,12.46457637,226,6107,female
Adelie,Torgersen,46.46573346,19.01437274,186,4093,male
Adelie,Biscoe,44.40702721,15.90686316,178,5084,female
Adelie,Dream,45.8468368,17.19148082,185,3233,female
Gentoo,Biscoe,41.52004258,13.74887602,206,5875,female
Chinstrap,Dream,38.54608421,18.30763849,172,4003,male
Adelie,Biscoe,38.69665895,24.14339094,199,4303,female
Adelie,Biscoe,44.53755447,21.45014569,168,4767,male
Gentoo,Biscoe,52.57677995,12.26260661,199,7082,female
Adelie,Torgersen,40.86790408,17.26432649,160,2000,female
Adelie,Torgersen,38.51445102,17.58740471,195,4308,male
Adelie,Dream,33.88218698,14.77306236,181,3576,female
Gentoo,Biscoe,46.3112132,19.43483236,201,3219,female
Adelie,Biscoe,42.34397128,19.62716613,171,4710,female
Gentoo,Biscoe,45.48404835,14.76085889,228,5761,female
Gentoo,Biscoe,50.03783118,16.97116459,196,3343,male
Adelie,Torgersen,30.54291027,17.43765509,188,3206,female
Adelie,Biscoe,25,20.8278786,229,3724,female
Gentoo,Biscoe,61.57043997,12.38629231,218,4870,male
Adelie,Torgersen,42.71833951,17.09413053,191,3022,male
Adelie,Dream,37.95646116,14.9466965,217,3563,female
Adelie,Biscoe,34.35520005,19.75368462,190,3954,male
Adelie,Torgersen,39.04322095,24.11464327,160,3767,female
Chinstrap,Dream,40.65422633,23.24961501,190,5563,male
Adelie,Biscoe,39.2522779,19.66127566,201,4894,female
Adelie,Dream,45.7410919,16.82180713,185,2000,female
Chinstrap,Dream,52.88914051,20.68935556,196,5559,female
Gentoo,Biscoe,56.11090379,16.09278935,209,2000,female
Adelie,Torgersen,39.85861667,23.79821617,166,5629,male
Adelie,Torgersen,25,18.69762689,184,4391,male
Chinstrap,Dream,56.45845569,20.02818323,206,4621,female
Adelie,Dream,30.73551461,14.3390079,213,4419,male
Gentoo,Biscoe,49.70827685,15.05454726,212,4306,male
Adelie,Torgersen,40.15764603,16.56739882,168,2966,female
Gentoo,Biscoe,48.0588666,15.11376353,212,3856,male
Gentoo,Biscoe,65.84394467,13.33642537,215,6046,female
Chinstrap,Dream,40.53591991,16.41248683,198,4035,female
Gentoo,Biscoe,70,16.11010589,238,3727,female
Adelie,Biscoe,30.4153955,15.43727056,203,4152,female
Adelie,Torgersen,46.24930622,13.62507506,231,6193,female
Gentoo,Biscoe,62.51885783,14.36040731,214,4813,female
Gentoo,Biscoe,49.63217081,18.65501808,226,5666,female
Adelie,Biscoe,30.39945768,18.04402028,175,4663,female
Adelie,Biscoe,43.16774325,20.68963283,194,3911,male
Gentoo,Biscoe,44.81023627,16.08301749,257,4976,male
Gentoo,Biscoe,39.93947612,17.61555014,218,5405,male
Chinstrap,Dream,67.11267064,16.54519898,213,4282,male
Adelie,Torgersen,38.67206517,22.85106977,201,4051,male
Adelie,Biscoe,41.54899196,19.24252753,220,4218,male
Gentoo,Biscoe,47.24805358,12.69681817,219,5361,male
Gentoo,Biscoe,49.63936771,16.43420087,220,4028,female
Gentoo,Biscoe,41.41006155,12.62801845,217,6159,male
Chinstrap,Dream,51.44628305,15.87891293,185,2945,male
Chinstrap,Dream,50.76895554,19.92239768,194,4139,male
Chinstrap,Dream,40.08604282,17.10076418,215,4640,male
Gentoo,Biscoe,47.36103708,18.32787595,224,4579,male
Adelie,Biscoe,34.20194884,15.62518521,165,3962,female
Gentoo,Biscoe,46.79497594,18.16334629,211,4279,male
Adelie,Dream,40.81282117,13.32352049,180,4320,female
Gentoo,Biscoe,40.47836411,16.49243815,207,6530,male
Gentoo,Biscoe,56.30226228,13.57543601,196,3854,female
Gentoo,Biscoe,57.42304481,17.945603,221,3937,male
Adelie,Torgersen,34.72530606,22.45865296,195,4195,female
Adelie,Dream,34.21946196,15.10643197,196,3798,female
Adelie,Torgersen,48.10487191,15.55627885,174,3469,female
Adelie,Torgersen,41.9568053,23.25416105,160,3682,female
Chinstrap,Dream,54.42741802,18.31534936,193,3433,female
Gentoo,Biscoe,48.65971485,14.99974993,219,4887,female
Adelie,Torgersen,38.74844795,18.79781413,189,2685,female
Gentoo,Biscoe,50.77148063,13.43031453,201,5337,male
Gentoo,Biscoe,60.65184065,15.0710185,215,6248,female
Adelie,Torgersen,25,23.70108266,191,8000,female
Chinstrap,Dream,49.67494769,19.94915569,197,2674,male
Chinstrap,Dream,53.03920483,20.98922547,213,4092,male
Adelie,Dream,32.27507801,17.9158596,194,3294,female
Adelie,Dream,47.91389881,24.45494653,183,4105,female
Gentoo,Biscoe,52.37097948,15.17013372,214,5214,female
Chinstrap,Dream,45.13055474,19.67674013,198,4697,male
Adelie,Torgersen,44.87704166,15.66207119,200,3473,male
Gentoo,Biscoe,55.6795214,10.5568525,222,3431,male
Chinstrap,Dream,43.15420823,14.81746584,223,2599,female
Chinstrap,Dream,46.3458941,14.54052271,190,4316,female
Adelie,Biscoe,36.65016689,18.3196152,183,4048,male
Adelie,Biscoe,39.95498111,16.53133407,177,5182,female
Chinstrap,Dream,49.3353831,17.56211705,228,2000,female
Adelie,Torgersen,43.03350009,15.09538835,179,4138,female
Adelie,Biscoe,29.41941977,21.081263,216,3361,male
Gentoo,Biscoe,48.18969943,17.47257621,216,4662,female
Adelie,Torgersen,47.32064059,12.18575009,174,5498,male
Gentoo,Biscoe,49.52947387,14.76159305,216,4547,female
Adelie,Dream,59.36021088,22.45884054,170,5035,female
Chinstrap,Dream,57.41903372,19.61432907,226,4916,female
Adelie,Dream,36.33781273,20.82410945,199,3604,male
Gentoo,Biscoe,51.79850643,16.69585298,229,3659,male
Adelie,Torgersen,35.62710555,19.41088555,197,2888,male
Gentoo,Biscoe,43.4495124,11.03440747,224,5143,male
Adelie,Biscoe,35.02953915,19.29013505,183,4316,male
Adelie,Dream,38.81306253,18.45825537,185,4606,male
Adelie,Biscoe,36.71685101,11.87053931,188,3259,female
Gentoo,Biscoe,53.40068715,13.38496518,211,4012,female
Gentoo,Biscoe,39.48486966,14.31082516,247,5132,male
Adelie,Dream,31.82391035,18.20656012,197,2665,male
Chinstrap,Dream,57.29528172,15.01796038,180,2313,female
Chinstrap,Dream,54.16244617,20.04690923,182,2706,female
Chinstrap,Dream,44.17399174,18.81278695,207,3934,male
Adelie,Dream,26.25078676,17.55960335,193,3437,female
Adelie,Torgersen,43.05088979,18.15020842,192,2717,female
Adelie,Biscoe,32.82781805,14.69840493,184,4915,female
Adelie,Dream,38.01875544,17.41321307,166,3117,female
Adelie,Biscoe,43.15473935,20.3165798,190,3493,female
Gentoo,Biscoe,33.8811461,22.71308078,160,3509,female
Adelie,Biscoe,36.77128477,15.05451598,190,5005,female
Adelie,Biscoe,39.39372075,17.23358304,244,3772,female
Chinstrap,Dream,52.59551808,19.40027828,209,3857,female
Gentoo,Biscoe,53.01068492,14.32028065,213,3444,male
Adelie,Dream,38.58340477,14.14322153,191,3826,male
Gentoo,Biscoe,43.84014648,16.99675188,179,4697,female
Adelie,Dream,36.23587071,20.72167879,179,3840,male
Gentoo,Biscoe,55.52709577,17.47982105,197,3864,male
Adelie,Biscoe,37.26794302,19.25462027,168,4482,male
Gentoo,Biscoe,45.07394748,16.1291057,206,6125,male
Gentoo,Biscoe,55.51844508,16.13622006,227,2098,female
Gentoo,Biscoe,50.12663695,14.37584649,196,4483,female
Adelie,Torgersen,47.21917537,16.51844234,174,5169,male
Gentoo,Biscoe,49.83428104,13.05650012,232,6938,female
Chinstrap,Dream,48.0808166,21.76992504,190,2345,female
Adelie,Torgersen,44.3038739,24.29445378,220,4404,female
Adelie,Torgersen,37.0484547,15.92353383,185,2000,male
Adelie,Biscoe,54.04129387,20.46999923,182,4272,male
Chinstrap,Dream,37.26300406,21.65977095,206,2698,female
Chinstrap,Dream,53.37664053,19.34100948,182,3172,female
Adelie,Biscoe,44.26631775,15.9294407,171,4858,female
Chinstrap,Dream,32.8787275,15.85007862,257,8000,male
Adelie,Torgersen,52.56099274,19.18914761,193,4718,male
Gentoo,Biscoe,42.58739165,17.18068431,201,5638,female
Gentoo,Biscoe,56.73582165,12.73662279,230,3327,male
Chinstrap,Dream,58.03631565,16.72823964,197,3312,female
Adelie,Biscoe,40.62987093,19.53625931,171,4281,male
Adelie,Biscoe,38.84071009,16.35115326,229,2126,male
Gentoo,Biscoe,36.43681057,11.18853491,226,4545,female
Adelie,Biscoe,36.58943966,15.25705812,160,3907,female
Adelie,Biscoe,40.1758369,14.3404221,220,4796,female
Gentoo,Biscoe,51.34978396,16.20821147,188,8000,female
Chinstrap,Dream,45.12768733,10.82623103,160,5440,female
Gentoo,Biscoe,45.51722841,13.36725697,225,4489,female
Chinstrap,Dream,54.24651908,16.95706042,202,4062,female
Gentoo,Biscoe,45.70480463,14.63395391,197,6920,male
Gentoo,Biscoe,58.70316357,14.2982084,186,6760,male
Chinstrap,Dream,50.37825879,19.91828307,205,2333,male
Gentoo,Biscoe,46.0089053,13.9724943,243,6088,female
Gentoo,Biscoe,50.56680599,16.18504281,216,3704,female
Adelie,Dream,31.34398663,18.91603408,204,4738,female
Adelie,Dream,42.09117458,16.83811346,187,5849,female
Gentoo,Biscoe,46.63009371,15.09186637,191,5047,female
Adelie,Biscoe,45.9080477,20.26440801,191,3093,female
Chinstrap,Dream,44.6453252,20.55287503,180,2167,male
Gentoo,Biscoe,38.50848782,11.98086133,234,4855,male
Adelie,Torgersen,46.27906399,16.85685641,213,4089,female
Chinstrap,Dream,40.27722646,16.77057746,194,4270,male
Adelie,Biscoe,38.04372658,21.07258294,214,4476,male
Gentoo,Biscoe,47.47752848,15.70037801,212,4517,female
Adelie,Biscoe,33.06187608,19.693957,222,3782,male
Chinstrap,Dream,46.64923784,16.98239368,194,5349,male
Gentoo,Biscoe,60.30577628,12.78141532,213,5994,male
Chinstrap,Dream,38.75132359,19.29691508,179,5994,male
Adelie,Dream,39.92099601,15.02043402,182,2393,male
Chinstrap,Dream,53.83734672,16.99390809,188,4867,male
Gentoo,Biscoe,52.18118506,12.48906694,210,6078,male
Gentoo,Biscoe,55.29777049,13.50130403,240,6533,male
Chinstrap,Dream,44.32619968,18.94000436,215,2460,male
Adelie,Torgersen,30.93581621,15.84119907,160,5830,male
Adelie,Dream,34.78387358,21.35152467,160,3727,male
Gentoo,Biscoe,49.61317379,16.47891259,205,5100,female
Chinstrap,Dream,52.53013175,17.7312443,201,3782,male
Adelie,Dream,43.10290338,17.60307,160,4424,male
Gentoo,Biscoe,36.31076842,12.48802448,231,3904,male
Adelie,Torgersen,46.07274581,18.24807044,188,3145,male
Gentoo,Biscoe,60.2623084,17.34509082,216,3539,female
Gentoo,Biscoe,66.26278539,16.70342892,192,4397,female
Adelie,Dream,31.62533196,16.94280142,208,3539,male
Gentoo,Biscoe,53.0377843,17.24376343,238,5134,male
Adelie,Biscoe,51.72685061,10.28714579,244,2436,male
Chinstrap,Dream,48.8364792,15.282384,196,3988,male
Gentoo,Biscoe,38.5174887,14.39063046,204,2000,female
Adelie,Torgersen,29.51324833,17.43635135,198,4065,male
Gentoo,Biscoe,52.77645996,14.95630301,201,4034,male
Gentoo,Biscoe,50.95685452,15.00933626,215,5769,female
Gentoo,Biscoe,51.46578889,15.67856166,209,3941,male
Adelie,Biscoe,37.4930452,17.11098093,229,2932,female
Gentoo,Biscoe,41.8820782,15.25791913,244,6102,male
Gentoo,Biscoe,53.41002433,15.24632128,232,4904,male
Chinstrap,Dream,56.17685084,19.2269363,207,2000,male
Adelie,Biscoe,52.70317424,22.11782558,185,2841,male
Gentoo,Biscoe,54.28943218,13.84409699,232,6573,male
Gentoo,Biscoe,44.89134403,11.89848413,208,4834,female
Gentoo,Biscoe,39.45871204,17.31178769,248,5732,male
Adelie,Torgersen,31.820261,19.82960616,197,4440,male
Gentoo,Biscoe,52.30969709,18.43624891,197,3818,female
Adelie,Biscoe,34.90972015,20.28464941,185,5461,female
Adelie,Torgersen,36.50720881,20.0644786,204,2621,female
Chinstrap,Dream,51.47628248,21.95644229,216,3006,female
Adelie,Biscoe,42.24256233,15.81995614,206,4093,female
Gentoo,Biscoe,53.23192875,30,230,8000,male
Gentoo,Biscoe,39.70345134,16.91642033,213,4928,male
Gentoo,Biscoe,60.43725915,10.92183115,218,4287,female
Gentoo,Biscoe,46.70759442,16.00489411,211,5810,female
Chinstrap,Dream,50.33469503,15.37520758,201,4487,male
Gentoo,Biscoe,56.89439391,10.43871723,189,3548,male
Gentoo,Biscoe,25,28.79598685,160,3974,male
Chinstrap,Dream,59.94292525,19.56340437,182,3735,male
Gentoo,Biscoe,43.56434796,16.67300797,221,6290,male
Gentoo,Biscoe,47.23418395,11.81089605,223,7029,female
Adelie,Dream,53.06221047,15.32552598,205,3123,male
Gentoo,Biscoe,59.4966018,12.94076963,209,3323,female
Adelie,Dream,36.07810305,19.50682574,172,3336,male
Gentoo,Biscoe,53.62921824,16.16231843,212,3359,female
Adelie,Biscoe,44.64068373,12.54371107,162,2000,male
Gentoo,Biscoe,53.23554711,14.92486129,219,5912,female
Gentoo,Biscoe,52.11405507,15.30790006,184,4652,female
Gentoo,Biscoe,48.55561018,13.66489446,210,6311,male
Adelie,Biscoe,32.72962244,10,180,2000,male
Chinstrap,Dream,69.85860093,10,160,2000,female
Adelie,Torgersen,44.0194115,14.48582069,170,2737,male
Chinstrap,Dream,36.76930451,18.74334924,260,2000,male
Gentoo,Biscoe,57.36814268,21.26061492,200,4219,male
Adelie,Dream,43.84691368,14.23813718,189,3785,female
Gentoo,Biscoe,45.08195601,13.9373579,190,5018,female
Adelie,Biscoe,41.40370319,15.28198095,182,2679,female
Adelie,Dream,35.84062533,19.47304385,170,3762,female
Chinstrap,Dream,46.31380737,19.69668426,198,3544,female
Gentoo,Biscoe,43.6608117,18.85919642,260,7375,male
Gentoo,Biscoe,46.68978778,12.07741131,215,4887,male
Gentoo,Biscoe,56.48790809,14.05831289,213,5832,female
Gentoo,Biscoe,28.06175996,22.02961706,239,6286,female
Gentoo,Biscoe,49.10942452,14.4915596,221,6591,male
Adelie,Biscoe,28.68935324,15.39496768,162,2851,male
Adelie,Dream,34.96562508,18.92416158,176,2217,male
Adelie,Biscoe,46.9355185,14.33511761,210,4992,male
Adelie,Dream,34.87354501,18.08810524,200,3659,female
Adelie,Biscoe,40.53546513,19.08852488,188,3998,male
Chinstrap,Dream,51.04608069,16.49343758,231,2834,male
Adelie,Torgersen,27.00635437,15.89159592,163,2671,female
Adelie,Torgersen,45.02924274,20.44909911,209,4240,male
Adelie,Biscoe,48.00045775,23.45342977,160,3991,male
Gentoo,Biscoe,54.14354076,12.28893377,218,4277,male
Chinstrap,Dream,53.15676166,16.59483085,195,2619,male
Chinstrap,Dream,51.41451293,14.13643134,190,4131,male
Adelie,Torgersen,45.34618429,14.46585603,198,2985,female
Adelie,Torgersen,42.54012189,16.48837005,192,2461,male
Chinstrap,Dream,49.23887543,14.81411693,181,3699,male
Gentoo,Biscoe,54.38415188,10.94658065,215,5536,male
Gentoo,Biscoe,51.86065663,14.35913957,243,6634,male
Adelie,Torgersen,32.63596496,24.00458787,180,4852,female
Chinstrap,Dream,51.582306,17.6069165,204,3963,female
Adelie,Dream,41.95722268,18.10775387,208,3366,male
Gentoo,Biscoe,43.69608089,13.79573418,217,3848,male
Adelie,Dream,33.79098102,16.58460688,183,2647,female
Adelie,Dream,52.6926203,20.2378653,202,2117,male
Chinstrap,Dream,54.86465678,17.86881861,196,3603,female
Chinstrap,Dream,39.22255129,19.64551797,172,2642,male
Gentoo,Biscoe,50.83804076,17.09324804,220,5227,female
Gentoo,Biscoe,54.77367929,10.80938663,222,3984,female
Gentoo,Biscoe,46.5544339,16.15339469,233,2452,female
Adelie,Dream,50.08212743,20.61254411,214,3743,female
Gentoo,Biscoe,53.80801334,16.97977966,205,4715,female
Adelie,Torgersen,36.37089076,22.75952615,226,3531,female
Adelie,Biscoe,33.63748608,11.73041159,205,3262,female
Gentoo,Biscoe,50.3579012,10.89782461,239,4612,female
Gentoo,Biscoe,34.55436402,16.91043991,231,4345,male
Adelie,Torgersen,44.18002404,18.43563713,219,3397,male
Gentoo,Biscoe,38.20333609,10,216,6855,male
Chinstrap,Dream,54.38598751,16.67532752,210,5330,male
Adelie,Biscoe,29.22641524,12.53386017,200,3689,female
Adelie,Dream,36.74002763,20.46818663,219,3428,male
Gentoo,Biscoe,53.13495671,16.38655233,219,7574,male
Adelie,Torgersen,41.54996446,12.85093827,179,2953,female
Gentoo,Biscoe,44.21310385,18.69714936,200,4523,male
Adelie,Torgersen,41.88702333,19.96439106,184,5581,male
Gentoo,Biscoe,42.82087476,11.20146879,207,4665,male
Adelie,Biscoe,43.06499666,11.32423249,170,2000,male
Gentoo,Biscoe,45.76250098,12.46220921,230,4566,male
Gentoo,Biscoe,56.90089774,15.75789214,225,6381,female
Gentoo,Biscoe,48.06505569,16.47099768,223,4751,female
Adelie,Torgersen,42.75790124,20.83288874,189,5554,male
Chinstrap,Dream,35.88669362,22.27034138,160,2000,female
Adelie,Biscoe,37.60922564,16.78477024,170,3281,male
Adelie,Torgersen,38.37954139,20.29970831,181,2301,male
Adelie,Biscoe,47.66512992,20.59739776,178,4608,female
Adelie,Biscoe,36.23915845,20.36914061,200,3371,male
Adelie,Biscoe,25,29.98518206,172,2000,female
Gentoo,Biscoe,41.21530651,18.2962912,233,4397,female
Gentoo,Biscoe,39.92329468,15.87500474,226,5412,male
Adelie,Biscoe,35.18740143,19.20170215,164,3662,male
Adelie,Torgersen,35.76483793,17.20933605,213,5469,male
Adelie,Biscoe,39.92315436,21.66615291,175,4306,female
Gentoo,Biscoe,52.0475422,14.60225979,211,6191,male
Gentoo,Biscoe,50.63915186,11.94326346,205,3596,male
Chinstrap,Dream,44.98956398,16.23593461,204,4397,female
Gentoo,Biscoe,54.53308362,10.42990478,187,5829,female
Gentoo,Biscoe,55.66234951,14.42471605,197,4463,male
Gentoo,Biscoe,44.55055953,11.82029516,199,5957,male
Gentoo,Biscoe,41.50611571,12.51492671,208,5631,male
Adelie,Dream,25.73911419,14.56121443,196,4567,female
Adelie,Dream,43.29459323,17.05174034,180,4182,male
Adelie,Biscoe,43.27412577,16.51970858,187,3595,male
Gentoo,Biscoe,55.65219424,11.39802678,232,5343,female
Adelie,Torgersen,41.75381795,19.54458238,210,3250,male
Adelie,Torgersen,49.77051365,20.89334412,173,3319,male
Gentoo,Biscoe,35.89349306,18.71499904,164,6200,female
Adelie,Dream,29.51855094,21.95597641,183,5186,female
Adelie,Biscoe,41.94791712,27.45107936,190,2819,female
Adelie,Dream,51.08856888,37.26417012,186,4742,female
Adelie,Biscoe,51.20579558,33.95441433,174,5113,female
Chinstrap,Dream,52.38292438,38.51177354,181,3250,male
Adelie,Dream,39.45338612,33.41006369,184,2000,female
Adelie,Biscoe,40.90026034,29.79084299,175,5186,female
Adelie,Torgersen,36.9243173,31.59599243,214,2000,male
Gentoo,Biscoe,46.97052762,30.13297094,215,4549,female
Adelie,Dream,37.7185109,31.46349124,177,4334,male
Gentoo,Biscoe,44.73127078,33.68237611,191,4676,female
Adelie,Dream,33.65509302,33.40254221,178,2868,male
Adelie,Biscoe,45.83168645,34.66662849,206,4476,male
Gentoo,Biscoe,48.10518487,19.66662849,189,4917,male
Adelie,Torgersen,36.30449139,22.35501071,220,4165,female
Gentoo,Biscoe,48.39332075,14.16172219,219,4481,female
Adelie,Biscoe,43.4078007,21.78323923,200,2896,male
Adelie,Dream,36.38276694,26.65112272,186,3107,male
Chinstrap,Dream,49.8095466,17.99346276,203,4468,male
Adelie,Torgersen,41.36556452,20,203,2000,male
Chinstrap,Dream,48.42918122,38.89399019,211,4277,male
Chinstrap,Dream,50.15783051,42.37006389,186,4001,male
Gentoo,Biscoe,36.01279575,35.8248408,211,4951,female
Adelie,Dream,41.58903332,37.5448413,205,4141,male
Gentoo,Biscoe,51.1705574,34.25304682,210,5103,female
Gentoo,Biscoe,58.08601243,34.47267626,217,4926,male
Gentoo,Biscoe,49.64989227,35.14327481,205,6100,female
Adelie,Biscoe,27.40224228,35.26403837,207,3550,male
Chinstrap,Dream,42.86951524,38.6691184,160,3335,male
Chinstrap,Dream,53.68018182,40.42669685,182,5149,male
Adelie,Dream,25,42.70142808,188,3045,female
Adelie,Dream,46.8322686,38.06009448,221,3499,female
Adelie,Torgersen,36.61291877,17.62195784,217,3433,female
Chinstrap,Dream,44.87148783,19.61609251,186,4814,male
Chinstrap,Dream,50.42784524,19.84177349,205,3490,male
Chinstrap,Dream,54.20252268,16.40923992,198,4099,male
Gentoo,Biscoe,46.76544246,13.83170212,228,4286,female
Gentoo,Biscoe,51.88349315,11.46483623,219,6226,male
Gentoo,Biscoe,56.86383126,16.37474291,224,4796,male
Gentoo,Biscoe,49.97161283,16.170201,224,4755,male
Chinstrap,Dream,52.71518908,14.9490877,184,3040,male
Gentoo,Biscoe,47.88100002,13.10841525,227,5396,male
Adelie,Biscoe,38.96342431,15.12008986,219,3254,female
Gentoo,Biscoe,48.28310713,14.9064745,241,5342,male
Adelie,Dream,33.1103137,23.17959797,202,4686,male
Gentoo,Biscoe,52.34533822,13.85752417,252,5718,female
Gentoo,Biscoe,50.90143874,17.0431802,234,5735,female
Adelie,Torgersen,31.57922721,16.96606884,174,3818,female
Chinstrap,Dream,49.64160732,10,253,4239,female
Gentoo,Biscoe,55.17314957,13.86653809,260,8000,male
Adelie,Dream,35.03699602,23.26418041,185,5116,female
Adelie,Biscoe,37.31804992,18.59409716,176,2731,male
Adelie,Biscoe,36.25831549,17.76711789,182,2339,male
Adelie,Biscoe,35.03360501,19.95515505,166,4332,female
Adelie,Torgersen,64.8504251,19.39059745,260,5794,female
Adelie,Dream,47.37207673,12.22934663,170,6038,female
Chinstrap,Dream,50.68160852,13.87930886,219,2769,female
Adelie,Torgersen,33.20837623,15.96648716,200,2794,male
Chinstrap,Dream,45.98284805,23.67603269,260,2000,male
Gentoo,Biscoe,41.91429253,11.72874103,206,4037,female
Chinstrap,Dream,50.77289499,19.73381725,175,3256,female
Adelie,Dream,34.71940884,20.65577444,205,4401,female
Adelie,Biscoe,49.21105253,17.18467834,188,4914,male
Gentoo,Biscoe,49.8771308,13.47654644,214,3358,female
Adelie,Dream,27.00718837,24.84917952,216,4953,male
Adelie,Dream,46.40770194,21.22922714,206,2785,female
Gentoo,Biscoe,41.75229346,12.50289857,224,6240,male
Gentoo,Biscoe,59.22921073,14.17289557,210,4999,male
Adelie,Dream,36.54533551,15.14492776,196,2000,male
Adelie,Biscoe,40.62378021,20.53513713,198,4437,female
Chinstrap,Dream,48.46997779,18.33882399,217,5164,female
Adelie,Torgersen,34.46568831,17.76373852,214,4039,male
Gentoo,Biscoe,55.32370147,15.63661732,216,5189,female
Adelie,Dream,37.84735668,23.12899218,211,3753,female
Chinstrap,Dream,55.96827715,23.36673767,160,5005,female
Adelie,Dream,39.78978918,15.79066676,192,5082,male
Gentoo,Biscoe,48.98239042,10.83712038,227,5113,female
Adelie,Dream,34.51262432,27.4879,183,2000,female
Gentoo,Biscoe,46.96297771,14.82652323,201,5671,female
Chinstrap,Dream,44.43770204,17.6537334,210,4159,male
Adelie,Dream,51.86087635,10.73812021,235,3571,male
Adelie,Torgersen,42.17144004,21.24148873,209,3506,female
Gentoo,Biscoe,42.21598783,15.48811303,231,5240,female
Gentoo,Biscoe,54.47413215,17.8216388,214,5292,male
Adelie,Dream,66.77684246,29.1906772,160,8000,female
Gentoo,Biscoe,49.14980709,19.0615759,201,6000,female
Gentoo,Biscoe,43.71812972,15.92950808,210,6225,female
Chinstrap,Dream,40.59312547,17.38842149,191,2693,male
Adelie,Dream,37.56415018,13.5757115,181,4225,female
Gentoo,Biscoe,59.97865012,17.89787578,192,3589,female
Gentoo,Biscoe,41.636102,14.44387277,210,5691,male
Gentoo,Biscoe,55.41919645,15.60783848,200,4640,female
Adelie,Biscoe,45.98423657,18.73596651,199,3651,male
Gentoo,Biscoe,51.19160627,14.33956874,213,6098,male
Gentoo,Biscoe,39.10071298,16.22843914,208,4186,female
Adelie,Biscoe,45.99569238,20.66769072,178,2549,male
Adelie,Biscoe,48.65779841,14.12073672,160,3441,male
Chinstrap,Dream,55.13834336,23.06133841,190,3254,male
Gentoo,Biscoe,55.13249601,14.42703755,235,5108,female
Adelie,Dream,40.77881353,15.27652051,179,2148,female
Gentoo,Biscoe,55.23934663,19.29937603,216,4814,female
Adelie,Torgersen,41.1117096,16.5979262,202,4268,female
Gentoo,Biscoe,50.39832241,14.138752,211,6998,male
Chinstrap,Dream,67.60492465,13.90323227,190,2000,female
Adelie,Biscoe,45.1123504,19.61134763,194,3278,female
Adelie,Torgersen,34.5720374,21.81035015,182,2816,female
Adelie,Torgersen,42.09595766,17.11327872,160,4254,male
Adelie,Torgersen,29.58814142,12.96647882,195,4130,male
Adelie,Biscoe,44.07788007,14.11099101,182,2902,male
Adelie,Dream,35.03358382,19.91415694,202,2000,female
Adelie,Biscoe,35.28279824,19.17994056,160,4429,male
Adelie,Torgersen,43.56163533,14.59806459,255,2000,male
Gentoo,Biscoe,52.73936194,11.67598495,228,3737,male
Adelie,Dream,33.36634855,17.03815294,193,3594,male
Gentoo,Biscoe,49.55584769,12.8660877,231,5978,female
Chinstrap,Dream,43.59372671,20.83094798,215,3733,female
Adelie,Dream,25,16.65850446,221,2000,male
Gentoo,Biscoe,53.29871826,18.58939315,190,5122,male
Gentoo,Biscoe,49.23805096,19.1465513,237,5668,male
Adelie,Torgersen,38.02581365,19.40516282,185,3634,male
Adelie,Dream,33.04039723,18.99460046,185,3387,female
Chinstrap,Dream,51.61978817,15.85682512,194,4151,female
Gentoo,Biscoe,54.62904586,12.82030956,222,7257,male
Chinstrap,Dream,49.61622504,20.47474581,185,2459,male
Adelie,Torgersen,41.85405584,18.22936037,196,3181,male
Gentoo,Biscoe,49.11449457,16.79112078,190,4210,female
Chinstrap,Dream,62.01461043,19.05131233,194,2617,male
Chinstrap,Dream,39.8941985,19.72957651,204,4121,male
Adelie,Torgersen,65.98976819,23.91729842,182,8000,male
Gentoo,Biscoe,51.56856844,17.60136281,183,6177,female
Adelie,Biscoe,32.40344063,19.24815904,171,2720,female
Gentoo,Biscoe,59.88002722,12.07681953,206,4727,female
Adelie,Torgersen,43.50644846,20.64034674,185,3311,female
Adelie,Dream,42.94305108,16.82319134,160,5869,male
Chinstrap,Dream,52.32181781,17.35249561,179,3440,male
Gentoo,Biscoe,25,12.94201094,220,2000,female
Gentoo,Biscoe,38.08506981,15.90601972,205,5612,female
Chinstrap,Dream,47.68941358,15.18543882,195,3444,female
Adelie,Dream,36.12349318,17.17581764,205,4880,male
Adelie,Torgersen,41.49798563,20.50321231,205,4109,female
Adelie,Biscoe,57.43662332,10,160,4228,female
Adelie,Dream,40.33678907,18.70217356,210,5390,female
Adelie,Biscoe,31.82175226,16.03554721,191,2000,female
Gentoo,Biscoe,53.75332735,14.26384244,219,4265,female
Chinstrap,Dream,50.84322366,21.9072302,199,4055,male
Gentoo,Biscoe,58.94654281,13.31257216,229,5193,female
Gentoo,Biscoe,49.60150375,15.39318846,224,5051,male
Adelie,Dream,41.56906722,17.14239424,191,3024,male
Gentoo,Biscoe,46.23206388,15.03257634,235,3217,female
Gentoo,Biscoe,42.59730173,13.88445345,183,3032,female
Gentoo,Biscoe,50.01321101,14.749665,205,7445,female
Chinstrap,Dream,61.44667774,19.85148106,190,4783,female
Gentoo,Biscoe,33.75872565,10.48128495,245,4924,female
Adelie,Dream,42.68789728,18.66702312,164,4345,male
Gentoo,Biscoe,60.17095983,15.80141451,229,6823,male
Gentoo,Biscoe,60.96007302,18.81622182,229,7099,female
Adelie,Dream,45.55609333,19.23349968,197,3856,female
Gentoo,Biscoe,44.90771623,16.06879067,228,4277,female
Chinstrap,Dream,47.38753537,17.16386491,202,4629,male
Adelie,Torgersen,44.87118657,21.56954968,213,3319,female
Gentoo,Biscoe,48.64631058,13.99910741,209,4780,male
Gentoo,Biscoe,52.94330157,14.9518532,219,5448,male
Adelie,Torgersen,38.16872416,13.69968263,160,2000,male
Adelie,Torgersen,41.60484423,22.52484925,182,5349,male
Adelie,Biscoe,29.72890086,10,260,2603,male
Gentoo,Biscoe,25,10.48162498,227,8000,male
Gentoo,Biscoe,56.53661776,19.04082073,225,4995,male
Gentoo,Biscoe,35.45374212,14.37631135,242,5456,female
Adelie,Dream,36.64295216,14.41964583,182,3319,female
Chinstrap,Dream,45.09817712,17.7588407,194,3446,female
Chinstrap,Dream,52.63397798,19.40272352,177,3655,male
Adelie,Torgersen,44.37911902,15.45837373,186,3273,female
Adelie,Dream,28.46627739,23.33692442,195,3998,female
Adelie,Biscoe,38.26107364,21.11288425,260,2000,female
Chinstrap,Dream,46.41652656,17.65080255,192,2022,male
Chinstrap,Dream,48.67327745,17.46305082,169,3369,female
Adelie,Dream,33.39534515,17.49221131,190,3789,female
Adelie,Torgersen,41.58232584,14.90050698,180,3068,female
Adelie,Biscoe,33.91598703,23.11134585,191,3392,male
Gentoo,Biscoe,58.91326234,16.12621966,235,2000,male
Chinstrap,Dream,63.69301092,18.64065071,168,4282,male
Adelie,Torgersen,28.36401477,16.63067401,209,4952,male
Adelie,Biscoe,53.96412468,15.05875299,189,2275,female
Gentoo,Biscoe,55.60842192,15.28146252,217,5309,male
Gentoo,Biscoe,55.78613278,14.2232345,217,5449,female
Gentoo,Biscoe,52.61853371,15.18357426,210,3467,female
Adelie,Dream,37.55554789,18.63931045,204,4185,male
Adelie,Dream,40.17278097,18.34053023,199,2000,female
Adelie,Dream,44.04804811,18.47093388,210,3784,male
Chinstrap,Dream,51.59096599,18.86852935,198,4658,male
Gentoo,Biscoe,51.35136779,11.6994327,212,5248,female
Adelie,Biscoe,38.56385487,21.87088137,189,3725,female
Chinstrap,Dream,56.8965343,19.5553356,192,2776,male
Adelie,Torgersen,47.44074837,16.62289149,173,4181,male
Gentoo,Biscoe,46.93345976,13.60482304,214,4530,male
Adelie,Torgersen,49.03247452,10,160,3950,female
Chinstrap,Dream,39.36858791,21.75822762,202,3238,male
Adelie,Biscoe,37.09541023,16.29759064,200,3301,female
Gentoo,Biscoe,49.14194613,12.75764251,237,3944,female
Gentoo,Biscoe,43.69323274,15.42270818,236,4934,male
Gentoo,Biscoe,50.65580978,19.51798799,195,5756,male
Adelie,Biscoe,36.87384746,17.57514742,209,4371,male
Adelie,Torgersen,31.49736219,20.39042223,194,4983,female
Adelie,Biscoe,39.06990575,21.28274861,197,5946,male
Adelie,Torgersen,41.98359178,19.00970837,182,4226,female
Adelie,Dream,43.46100835,14.06154236,216,3497,female
Adelie,Dream,41.73724216,17.71443566,185,3648,female
Gentoo,Biscoe,58.40417457,15.96954131,215,3310,male
Adelie,Biscoe,44.24332615,17.36391869,205,5081,male
Gentoo,Biscoe,52.03441811,11.35126654,211,4708,female
Adelie,Dream,36.64856414,15.7669712,191,3848,female
Adelie,Dream,40.23370119,19.20960127,193,3892,male
Adelie,Dream,38.21412832,19.4146972,211,2671,female
Gentoo,Biscoe,47.06917375,10.9702089,213,3839,male
Adelie,Biscoe,34.20390795,23.6129495,194,2963,male
Adelie,Dream,41.57200156,22.78538668,188,4714,female
Gentoo,Biscoe,65.21476673,12.07731186,237,6451,female
Adelie,Torgersen,33.4594391,21.29090358,184,3608,female
Chinstrap,Dream,52.06269652,17.96179185,216,3116,female
Chinstrap,Dream,48.21434532,16.91219003,208,4197,female
Adelie,Biscoe,31.2276705,16.14208644,205,2903,male
Gentoo,Biscoe,62.74317184,14.94962349,200,3939,male
Adelie,Torgersen,39.9798952,18.49362516,208,3940,male
Adelie,Dream,38.43544554,19.32957865,205,4560,female
Adelie,Torgersen,25.47217916,10.23973677,242,7677,male
Gentoo,Biscoe,58.6336915,17.99069568,201,8000,male
Chinstrap,Dream,42.92869282,18.79874684,175,3777,female
Adelie,Biscoe,40.40187406,17.7032881,217,2848,male
Gentoo,Biscoe,51.27697135,15.18561955,220,5074,female
Gentoo,Biscoe,52.74450076,14.87136339,200,4352,female
Adelie,Dream,38.75040125,18.9412591,192,3083,female
Chinstrap,Dream,30.62141004,18.47000016,169,2935,female
Gentoo,Biscoe,41.75721584,15.68437705,210,3751,male
Adelie,Dream,41.72295235,19.4880139,204,5581,female
Chinstrap,Dream,49.32151956,18.78291029,191,2965,female
Adelie,Torgersen,40.41566178,19.61528973,193,2742,male
Adelie,Torgersen,32.49026028,18.19897954,183,3150,female
Adelie,Dream,41.4463686,16.56618289,197,3773,male
Chinstrap,Dream,44.71731581,16.61607749,199,4388,male
Adelie,Torgersen,35.80731878,18.53033798,162,2000,female
Chinstrap,Dream,39.37410129,14.57615602,205,3019,female
Gentoo,Biscoe,50.54905186,14.27208273,227,4224,male
Adelie,Dream,29.5778773,14.51967639,187,2907,female
Gentoo,Biscoe,44.53699635,15.4692688,225,6146,female
Gentoo,Biscoe,46.19240258,15.32025902,230,4694,female
Gentoo,Biscoe,46.2303342,13.51431134,199,4428,female
Gentoo,Biscoe,38.77875105,19.44229925,242,6243,female
Gentoo,Biscoe,45.36659855,17.59150808,219,5641,male
Chinstrap,Dream,44.81023638,20.739913,182,3787,male
Adelie,Torgersen,34.64787437,19.59399529,181,3201,female
Chinstrap,Dream,58.1033585,13.09526222,205,4133,male
Adelie,Biscoe,43.69369817,15.11401722,178,4251,female
Gentoo,Biscoe,52.29252725,12.98355283,221,6203,male
Chinstrap,Dream,34.73650681,19.81092956,196,2893,male
Chinstrap,Dream,62.36588116,16.99655308,221,3647,female
Adelie,Dream,39.04339349,19.09123891,198,4715,female
Gentoo,Biscoe,53.98511782,14.28561252,202,3968,male
Chinstrap,Dream,26.46282054,10,219,2000,male
Chinstrap,Dream,47.59727667,17.29089736,260,3475,male
Adelie,Biscoe,36.74704166,17.76085683,179,4397,male
Chinstrap,Dream,40.25025309,18.48756408,171,3124,male
Adelie,Biscoe,52.1878648,19.20999259,171,4429,male
Adelie,Biscoe,47.47174902,20.260338,165,2000,male
Gentoo,Biscoe,45.23163398,15.77946101,207,2910,female
Gentoo,Biscoe,42.54196821,11.95740788,220,4132,female
Adelie,Dream,36.88696243,21.21529511,182,2985,female
Adelie,Torgersen,42.72480063,26.83487437,168,2599,female
Adelie,Torgersen,34.46820664,18.36511702,162,3344,female
Adelie,Torgersen,37.48144301,17.40448659,197,4759,male
Adelie,Dream,46.10561285,28.68281423,179,2000,male
Gentoo,Biscoe,42.39208649,12.81073494,208,4488,male
Gentoo,Biscoe,48.8427447,13.59690537,239,5306,male
Gentoo,Biscoe,54.51527859,15.03556759,209,6700,male
Chinstrap,Dream,57.51503705,20.08984521,197,2742,female
Adelie,Torgersen,38.94942321,20.0878813,189,2960,male
Adelie,Biscoe,46.162473,17.35359222,197,5047,female
Adelie,Biscoe,31.9331318,21.52754591,194,3192,male
Adelie,Torgersen,44.4393456,17.34075703,182,4303,male
Gentoo,Biscoe,53.15517168,13.20841181,204,5302,male
Adelie,Dream,39.79008449,18.82056032,174,2991,female
Adelie,Biscoe,46.56093538,15.78853478,208,4425,female
Gentoo,Biscoe,54.69675811,18.82398568,201,5692,male
Adelie,Biscoe,37.37673601,21.45612905,203,2647,male
Adelie,Biscoe,30.28447372,20.65527924,188,3830,male
Gentoo,Biscoe,25,21.0118652,254,5933,male
Gentoo,Biscoe,48.4168173,13.22397214,205,5513,male
Adelie,Biscoe,48.2158787,16.06545896,181,2649,male
Gentoo,Biscoe,54.35027236,18.06771764,214,5833,female
Adelie,Biscoe,28.89267086,18.70749838,190,2903,male
Adelie,Biscoe,35.5670622,16.77367098,165,3488,female
Gentoo,Biscoe,52.07318833,13.74977198,229,5525,female
Adelie,Torgersen,28.17768257,16.77429743,210,3430,male
Adelie,Torgersen,27.69324345,19.43369957,195,3096,male
Gentoo,Biscoe,45.47185903,15.69839673,214,2485,male
Gentoo,Biscoe,43.88222809,15.82267785,209,5636,female
Adelie,Biscoe,39.50199505,13.85768002,177,4590,male
Gentoo,Biscoe,48.76449161,16.04563572,221,5753,male
Adelie,Biscoe,37.19378872,18.17771819,160,3442,female
Chinstrap,Dream,60.35106752,22.11065694,209,3293,male
Adelie,Dream,37.50611243,19.97360255,174,3093,female
Adelie,Dream,38.54425952,24.61970966,236,2399,female
Adelie,Torgersen,37.88006263,16.74045312,189,4648,male
Chinstrap,Dream,49.90712291,18.72210714,198,4218,female
Adelie,Torgersen,31.01834227,20.49845014,219,3868,male
Gentoo,Biscoe,47.25405968,10,214,5718,male
Chinstrap,Dream,58.27227766,19.82045139,198,2001,male
Chinstrap,Dream,54.47768097,16.23549252,186,4131,female
Adelie,Biscoe,27.28418388,17.61212145,194,3207,female
Gentoo,Biscoe,40.74048033,16.39564663,215,5349,female
Gentoo,Biscoe,54.82130939,17.67995143,223,6509,male
Gentoo,Biscoe,55.40341185,15.5594355,202,4976,female
Adelie,Dream,39.23992709,21.27259966,184,3813,male
Adelie,Biscoe,45.51642504,20.56081248,198,3161,male
Adelie,Biscoe,30.86271565,14.77336374,206,2769,female
Adelie,Dream,41.26251404,14.94938525,193,2646,male
Gentoo,Biscoe,46.47387445,16.09016124,240,4418,female
Adelie,Biscoe,39.22966151,18.18203473,227,2000,female
Adelie,Dream,36.8871914,17.61790425,255,4036,female
Adelie,Dream,36.13969381,19.62436783,218,3862,female
Adelie,Biscoe,29.87858408,15.96517794,196,4235,male
Adelie,Torgersen,38.00524603,17.83596899,202,3794,female
Chinstrap,Dream,42.79169273,19.17234331,170,3956,female
Adelie,Torgersen,40.32773846,20.09533669,178,2824,male
Adelie,Dream,54.8932432,12.2414786,189,3440,male
Gentoo,Biscoe,33.19562652,17.85313146,200,4988,female
Adelie,Torgersen,38.64848032,15.13161811,181,4540,female
Adelie,Biscoe,30.30280045,15.83880177,201,4027,female
Chinstrap,Dream,61.48862599,17.43457759,208,3888,female
Chinstrap,Dream,63.70975233,17.97309234,175,3821,female
Gentoo,Biscoe,48.50127297,10.12013996,260,5448,female
Adelie,Biscoe,34.62356914,15.93106118,207,4296,female
Adelie,Torgersen,31.50586375,10.48095404,178,2000,male
Adelie,Torgersen,35.03142073,13.96256813,191,3582,male
Adelie,Dream,50.02956594,21.96973812,166,4946,male
Adelie,Biscoe,35.09081324,18.18540449,213,4213,male
Adelie,Dream,36.15900913,16.30209041,182,4255,male
Gentoo,Biscoe,46.24957229,12.61606524,216,4617,male
Adelie,Dream,40.94324173,19.76662843,165,2626,female
Adelie,Dream,41.67020191,16.78019114,183,4126,male
Chinstrap,Dream,49.76799825,20.39844157,179,4625,male
Adelie,Torgersen,38.63994737,18.08362568,200,4334,female
Adelie,Dream,44.65341852,18.52280372,197,4000,female
Adelie,Biscoe,45.00546561,15.88443675,202,5009,male
Gentoo,Biscoe,47.46386066,14.29257804,217,3893,male
Gentoo,Biscoe,53.56897295,16.76442562,208,3454,female
Gentoo,Biscoe,51.62216206,12.68463518,208,5301,male
Gentoo,Biscoe,59.72832767,15.22229186,222,3919,male
Adelie,Dream,40.21812936,17.45308043,185,3980,male
Adelie,Biscoe,37.44436649,15.34570835,189,5126,female
Gentoo,Biscoe,46.95019287,15.80304804,220,4159,female
Chinstrap,Dream,56.09199641,20.7979935,210,4451,female
Chinstrap,Dream,56.00792543,15.8894977,195,2097,male
Gentoo,Biscoe,44.69848255,12.32041305,225,4243,male
Gentoo,Biscoe,44.50694413,18.0026852,209,5252,male
Adelie,Torgersen,35.84348597,17.29745145,184,3086,female
Chinstrap,Dream,48.89034812,18.12788387,189,5897,female
Adelie,Biscoe,42.71814927,16.2142201,187,3877,male
Adelie,Biscoe,34.06537274,19.65680926,195,2000,male
Gentoo,Biscoe,45.11496973,15.44977487,195,5939,female
Chinstrap,Dream,41.41471239,17.74787082,234,3179,female
Gentoo,Biscoe,50.78061076,18.50982335,198,3322,female
Gentoo,Biscoe,51.74861788,15.70347768,233,3430,female
Adelie,Biscoe,43.51001366,19.54814165,182,2656,male
Adelie,Torgersen,54.42328889,17.71557076,217,2470,male
Chinstrap,Dream,46.69719052,16.54529736,187,3660,female
Chinstrap,Dream,56.7055384,17.93510345,197,6383,female
Adelie,Biscoe,45.28889629,22.61962255,209,3183,male
Chinstrap,Dream,50.82728056,20.22030882,193,3446,female
Adelie,Torgersen,34.72824566,21.2021744,205,2352,male
Adelie,Dream,33.10756303,13.03247975,163,4081,male
Gentoo,Biscoe,42.4352529,14.24497633,213,3378,female
Adelie,Biscoe,39.48473306,15.60274071,188,4327,male
Adelie,Torgersen,42.21595701,24.15185938,191,5125,male
Adelie,Dream,38.56689757,12.95782287,203,4711,male
Gentoo,Biscoe,39.19610972,13.44491845,248,5961,male
Gentoo,Biscoe,64.15228084,19.58974295,199,4431,female
Chinstrap,Dream,45.72302709,13.7869845,222,4620,male
Chinstrap,Dream,52.85489699,20.48332405,179,3893,male
Adelie,Torgersen,43.38587227,15.28259369,212,2509,female
Adelie,Dream,37.69661419,18.79263605,175,2558,male
Chinstrap,Dream,45.03648904,19.6531693,173,3701,male
Gentoo,Biscoe,52.09197523,10.88589275,221,3676,male
Adelie,Torgersen,35.03676193,17.57152434,205,3186,female
Adelie,Dream,61.46596549,23.70254893,181,2000,male
Chinstrap,Dream,52.15879684,15.61174218,197,4333,female
Gentoo,Biscoe,54.39936031,16.56998077,194,4715,female
Adelie,Dream,46.88163944,12.80271274,188,4384,male
Gentoo,Biscoe,43.21219701,14.12424546,201,5930,male
Gentoo,Biscoe,57.01284449,16.96715542,224,2683,male
Adelie,Biscoe,30.30723317,17.53569305,188,4559,male
Chinstrap,Dream,46.82518004,18.44413082,193,4339,male
Chinstrap,Dream,56.75237124,14.74152304,215,3558,female
Adelie,Biscoe,43.62959539,22.43160323,180,3748,female
Adelie,Torgersen,29.10733864,17.725299,185,2882,male
Adelie,Dream,46.81461262,19.47104101,221,2793,male
Chinstrap,Dream,38.53725449,18.91892221,184,3413,male
Gentoo,Biscoe,49.57741322,18.97298038,226,3634,female
Gentoo,Biscoe,49.8366303,12.21286503,204,6465,female
Gentoo,Biscoe,45.06619017,13.69995507,212,6602,female
Adelie,Dream,41.98238457,13.68650105,183,4793,female
Chinstrap,Dream,44.94950129,16.42101185,186,3816,female
Adelie,Torgersen,44.22287451,16.58208431,177,4351,female
Gentoo,Biscoe,47.08439015,12.48550797,201,5401,female
Adelie,Biscoe,34.70037844,18.38503268,166,4733,female
Gentoo,Biscoe,46.77301303,13.41380103,201,6258,male
Chinstrap,Dream,48.85446443,20.52824261,183,4225,male
Gentoo,Biscoe,54.02235865,11.61314135,226,4042,male
Adelie,Dream,25,10,177,4982,female
Adelie,Torgersen,37.9266364,19.50717438,191,2621,male
Gentoo,Biscoe,53.17390331,18.28615332,185,5262,female
Adelie,Biscoe,33.80943432,17.1769698,165,3743,female
Adelie,Torgersen,32.86867997,16.71530468,188,3669,male
Adelie,Torgersen,30.60819792,10.36922014,199,5019,female
Gentoo,Biscoe,50.82305869,16.85067349,225,6350,female
Adelie,Dream,40.64547135,19.18058076,181,4796,male
Gentoo,Biscoe,46.3375627,17.00951545,200,5392,male
Adelie,Biscoe,42.50553806,16.75661502,191,2000,female
Gentoo,Biscoe,25,13.36880439,260,8000,female
Adelie,Torgersen,35.76256039,19.72256836,190,4203,female
Chinstrap,Dream,53.76532492,17.80112346,200,5331,male
Chinstrap,Dream,45.60418249,16.9362202,193,2395,male
Gentoo,Biscoe,57.65164,14.55800098,232,5097,female
Gentoo,Biscoe,55.1345858,30,197,8000,female
Chinstrap,Dream,47.00842231,19.60207712,195,4005,male
Adelie,Biscoe,40.1603655,13.651374,174,4235,male
Chinstrap,Dream,41.94828873,18.59947377,189,3775,male
Adelie,Dream,48.95127355,16.80006677,160,3716,female
Gentoo,Biscoe,38.51213868,17.21443737,215,4921,male
Adelie,Biscoe,37.83879712,21.78726139,181,2382,female
Gentoo,Biscoe,51.52481967,12.46378865,214,4724,female
Chinstrap,Dream,52.07239974,18.21136839,186,2952,male
Adelie,Dream,39.10067698,17.26320423,160,3540,male
Chinstrap,Dream,53.30013466,19.2581054,187,2508,female
Gentoo,Biscoe,55.60645298,15.99362221,222,5388,male
Adelie,Biscoe,38.28867064,18.92387645,173,2985,male
Adelie,Biscoe,25,18.36692364,160,5470,female
Adelie,Dream,34.42373013,14.91547125,185,3623,female
Adelie,Torgersen,29.22024349,22.57001231,248,6005,male
Gentoo,Biscoe,55.92527454,18.27200699,216,5264,male
Adelie,Dream,38.07026319,16.67949787,176,3618,male
Gentoo,Biscoe,46.83088148,17.89627047,233,3679,male
Chinstrap,Dream,58.38138224,19.40109307,194,4228,male
Chinstrap,Dream,51.60922075,19.13804771,192,3991,female
Chinstrap,Dream,41.61278584,19.6448266,202,4264,female
Chinstrap,Dream,69.24724184,17.87213873,197,3041,female
Adelie,Dream,44.03352888,15.54628085,194,3280,male
Chinstrap,Dream,43.99805604,19.31597363,176,2883,female
Adelie,Biscoe,37.6741071,15.01338063,171,4921,female
Chinstrap,Dream,49.34576476,16.79216014,180,3197,male
Chinstrap,Dream,70,10,202,4400,female
Gentoo,Biscoe,49.65499246,19.77780694,233,5840,male
Gentoo,Biscoe,46.9854855,15.02779956,219,4545,female
Adelie,Biscoe,47.77717074,21.02202526,193,2000,female
Gentoo,Biscoe,48.16035835,13.96613071,226,4216,male
Adelie,Torgersen,25,25.6565465,160,5216,male
Adelie,Torgersen,36.18517997,16.86202072,162,3028,male
Adelie,Biscoe,44.4241696,14.59526894,203,3903,male
Chinstrap,Dream,55.01301083,17.30897067,192,3864,male
Chinstrap,Dream,51.13949955,18.32044172,185,3034,male
Adelie,Torgersen,40.61368979,15.99564997,202,3857,female
Adelie,Biscoe,33.75624779,17.91577477,180,2869,female
Adelie,Torgersen,28.96311536,19.43304148,181,4784,female
Adelie,Biscoe,39.57959393,19.32079965,190,3490,female
Adelie,Biscoe,32.52309777,18.29060095,188,3239,male
Gentoo,Biscoe,47.2386279,13.24559061,225,4593,male
Adelie,Dream,40.93039041,14.02989796,197,2992,male
Adelie,Biscoe,34.90860718,25.50497908,260,4833,male
Adelie,Dream,40.32139188,18.98279428,191,2998,male
Gentoo,Biscoe,55.98910558,15.43652811,186,5080,female
Adelie,Dream,39.85644238,15.08600418,203,2961,female
Adelie,Biscoe,32.2548419,20.07609524,169,4967,female
Gentoo,Biscoe,38.32619686,18.32037847,238,3784,male
Chinstrap,Dream,51.06445466,18.04542023,195,3512,male
Adelie,Dream,28.57941144,23.89050563,204,2671,male
Gentoo,Biscoe,49.78723902,15.81000056,220,4460,male
Adelie,Torgersen,43.49846064,18.03145857,226,2937,male
Chinstrap,Dream,64.6008519,13.74841449,260,4688,female
Adelie,Biscoe,46.32876945,22.97332327,200,3861,male
Gentoo,Biscoe,43.77898879,14.57451437,214,4652,male
Chinstrap,Dream,54.66683043,20.36639708,177,4619,female
Gentoo,Biscoe,49.44655614,17.74645382,206,5283,female
Adelie,Torgersen,38.14094649,16.4144354,212,4407,female
Adelie,Biscoe,46.85614229,20.23080382,179,2324,female
Chinstrap,Dream,32.90514575,21.44088423,160,7259,male
Adelie,Dream,37.0499491,15.39362671,182,2000,female
Adelie,Torgersen,34.67281018,15.85015359,199,5136,male
Chinstrap,Dream,30.24169263,15.47869742,238,2000,male
Adelie,Biscoe,43.01735917,18.96791806,182,2835,male
Adelie,Dream,36.2922138,19.73400669,218,3105,male
Adelie,Dream,37.96785831,18.07893523,183,2990,male
Adelie,Torgersen,33.29237206,20.04068955,182,2882,female
Gentoo,Biscoe,44.76946356,13.69021725,227,5457,male
Gentoo,Biscoe,49.31543327,17.33118874,204,5999,female
Adelie,Torgersen,33.09538056,21.17115657,205,2428,male
Adelie,Biscoe,33.59581995,17.42025014,203,4263,male
Chinstrap,Dream,52.63699263,21.43284857,240,3896,male
Chinstrap,Dream,42.97445127,18.69412352,198,2698,female
Gentoo,Biscoe,47.82892431,14.58491311,179,6104,male
Adelie,Torgersen,40.49653122,15.48044695,189,4712,female
Gentoo,Biscoe,47.72130777,13.25455092,236,5633,male
Gentoo,Biscoe,35.62789359,13.14584139,189,6405,male
Adelie,Biscoe,37.20182263,25.52376171,210,2376,female
Chinstrap,Dream,31.00329534,20.174342,260,2000,male
Adelie,Torgersen,27.91944353,23.57424369,195,5295,male
Gentoo,Biscoe,45.53471186,16.07647466,240,6180,male
Adelie,Torgersen,34.90835267,14.27912726,199,5097,female
Gentoo,Biscoe,55.16689068,16.47680623,210,2370,male
Gentoo,Biscoe,55.28987915,16.0828534,191,3452,female
Gentoo,Biscoe,52.73448553,14.46151079,223,4484,male
Adelie,Biscoe,33.68642805,19.03241903,183,4657,male
Chinstrap,Dream,62.45521041,16.04424315,203,4682,male
Gentoo,Biscoe,56.07888811,17.67287971,239,2636,male
Adelie,Biscoe,38.21501089,17.02839554,213,3015,female
Adelie,Dream,30.17880925,15.46829014,182,3798,female
Gentoo,Biscoe,55.49481246,11.53924339,171,4704,male
Adelie,Biscoe,32.80321081,19.50783332,223,3595,female
Gentoo,Biscoe,62.47572417,14.91130897,226,6417,male
Gentoo,Biscoe,43.41510765,17.10326676,230,5613,female
Gentoo,Biscoe,27.34775624,13.0404562,212,3980,female
Chinstrap,Dream,50.90639997,18.09548899,192,2000,male
Gentoo,Biscoe,47.88467587,13.17985832,232,4080,male
Gentoo,Biscoe,57.27682805,18.62010614,235,5757,male
Adelie,Dream,45.86092349,20.69983816,204,3780,female
Chinstrap,Dream,58.7023183,16.22957122,211,3955,female
Adelie,Torgersen,40.47307652,21.49506762,208,4605,male
Gentoo,Biscoe,49.90667971,12.55929661,228,3592,female
Adelie,Dream,35.92055118,20.96347078,198,4372,male
Chinstrap,Dream,65.29777088,29.27846266,207,7376,male
Chinstrap,Dream,50.6243438,25.06665033,210,2000,male
Adelie,Dream,70,16.94613399,162,2154,male
Chinstrap,Dream,25,16.37062499,164,2000,male
Gentoo,Biscoe,60.51333617,10.53310589,239,3588,male
Adelie,Torgersen,26.60096842,14.54840249,213,3908,male
Gentoo,Biscoe,43.4875237,15.34162119,240,4701,female
Adelie,Dream,46.01785848,23.97461283,181,4034,female
Gentoo,Biscoe,47.14474952,13.71392276,192,2968,female
Adelie,Torgersen,46.08007297,16.9149596,188,4391,male
Adelie,Dream,38.70022008,23.64877301,185,3250,female
Adelie,Dream,37.47599098,23.74978396,185,4540,male
Gentoo,Biscoe,41.26567215,18.44916592,218,5001,female
Chinstrap,Dream,47.60448806,17.83667752,160,4203,female
Chinstrap,Dream,49.81441657,23.52341811,203,3430,male
Adelie,Dream,34.3860547,17.97008541,181,3501,male
Gentoo,Biscoe,31.74524337,10.28432878,222,2000,male
Adelie,Dream,37.87284296,15.82316098,180,3261,male
Adelie,Dream,37.78044466,15.97184355,214,4623,female
Chinstrap,Dream,70,15.68436661,228,8000,female
Adelie,Dream,41.44057661,21.36655133,211,4363,male
Chinstrap,Dream,53.49190309,17.22466659,239,4019,female
Gentoo,Biscoe,46.57299424,15.05232194,206,5130,male
Adelie,Dream,33.75068644,26.05733903,215,3952,female
Gentoo,Biscoe,52.98521577,12.33977553,220,5156,female
Adelie,Dream,35.57508954,16.08294365,179,5737,female
Chinstrap,Dream,56.50721933,19.45066428,213,2714,male
Adelie,Biscoe,58.06508165,18.26087261,186,3885,female
Adelie,Biscoe,40.58301361,18.29781132,202,3896,female
Gentoo,Biscoe,34.1689631,17.13578975,196,4676,female
Adelie,Biscoe,42.45794051,17.79406873,202,3755,male
Adelie,Biscoe,51.38547041,21.23400986,260,2457,female
Gentoo,Biscoe,39.07342767,14.17157303,219,5534,female
Adelie,Torgersen,38.43442014,16.68881781,183,4023,female
Gentoo,Biscoe,55.98010951,17.56759095,191,4552,male
Gentoo,Biscoe,50.20699603,14.81501784,257,6803,male
Chinstrap,Dream,59.46127533,19.3365973,208,3296,male
Adelie,Dream,25,19.49288236,206,3800,female
Gentoo,Biscoe,49.40263445,17.12328739,249,5866,male
Chinstrap,Dream,53.40305612,19.08677842,201,3813,female
Gentoo,Biscoe,47.9848363,16.44158873,205,4993,male
Gentoo,Biscoe,52.45625084,16.87651579,239,5633,female
Adelie,Torgersen,42.19114029,22.23423556,160,4086,male
Chinstrap,Dream,53.08139881,19.60812396,210,4080,female
Gentoo,Biscoe,51.89079584,17.58151994,216,5134,male
Chinstrap,Dream,46.89259682,16.99767628,189,3032,male
Gentoo,Biscoe,57.71558299,16.72483707,238,6666,male
Chinstrap,Dream,53.92587111,17.28959029,193,2000,female
Adelie,Torgersen,26.08493671,18.30784282,192,4340,male
Gentoo,Biscoe,48.16916346,13.65333275,193,4641,female
Adelie,Dream,50.5709229,17.94932156,161,4522,female
Adelie,Dream,29.77979267,18.77809472,202,2639,female
Adelie,Dream,32.21901661,14.76367819,193,3360,female
Gentoo,Biscoe,32.45417297,13.7606414,208,6846,female
Gentoo,Biscoe,42.69895665,13.67149721,214,7291,male
Chinstrap,Dream,45.83045598,19.18397526,207,3863,female
Adelie,Torgersen,40.45823172,16.73082129,187,2111,female
Adelie,Biscoe,37.41886638,20.3399893,196,4165,male
Adelie,Torgersen,41.29278628,18.25885729,189,2446,male
Chinstrap,Dream,56.74137788,18.33532746,206,4513,male
Gentoo,Biscoe,50.43507211,15.21176076,220,5320,female
Gentoo,Biscoe,54.39744927,13.55856776,205,5453,male
Gentoo,Biscoe,36.45115661,16.67763234,217,4946,male
Gentoo,Biscoe,50.84893099,13.53936106,246,4606,male
Adelie,Dream,63.28135616,20.58938135,160,7617,female
Adelie,Torgersen,33.77967734,21.53689573,193,6325,male
Gentoo,Biscoe,47.81805016,13.16340798,219,5127,male
Chinstrap,Dream,50.57418957,15.41507441,183,4922,male
Gentoo,Biscoe,48.65057251,14.64826551,217,3314,male
Adelie,Biscoe,35.07363923,18.70266278,160,3927,female
Adelie,Biscoe,47.41572605,19.59068691,178,2168,female
Adelie,Dream,42.16447409,17.55906781,177,4541,male
Gentoo,Biscoe,38.96865517,13.0559755,196,6451,male
Gentoo,Biscoe,66.72137735,10,210,5975,female
Chinstrap,Dream,48.84137337,15.6069581,181,3020,female
Adelie,Torgersen,36.91336486,17.54549389,195,3025,male
Adelie,Torgersen,42.60349891,20.92837308,196,4162,male
Gentoo,Biscoe,50.78277191,12.2151442,202,5823,male
Chinstrap,Dream,55.0243363,20.26645449,199,2478,female
Gentoo,Biscoe,47.0428297,12.12426998,218,4893,male
Gentoo,Biscoe,54.11391929,16.59697278,197,5223,male
Chinstrap,Dream,65.47142545,23.80580269,224,2725,female
Gentoo,Biscoe,44.4380619,14.19155239,208,5281,male
Chinstrap,Dream,49.90910945,18.83852423,221,4741,male
Adelie,Torgersen,41.13528647,17.35797529,188,3449,male
Adelie,Biscoe,25,18.80989143,209,2801,male
Chinstrap,Dream,51.72497769,16.75360581,192,3624,female
Adelie,Biscoe,37.90508893,11.40421179,200,3648,female
Chinstrap,Dream,47.12167046,16.17085417,189,3351,female
Gentoo,Biscoe,61.10985612,13.91458845,211,5393,male
Gentoo,Biscoe,42.95430265,19.06109019,232,3394,male
Adelie,Biscoe,33.89851528,18.83552134,199,3339,male
Gentoo,Biscoe,53.17156412,14.93691016,209,5658,female
Adelie,Biscoe,39.17222163,14.62302081,206,4131,female
Chinstrap,Dream,58.08715475,13.85004138,193,5116,male
Chinstrap,Dream,48.68515816,15.38348293,194,2000,male
Adelie,Biscoe,39.42038838,19.26864284,197,4803,male
Adelie,Biscoe,32.94160162,17.7768038,243,5911,male
Chinstrap,Dream,56.38859787,17.56519851,227,3383,male
Gentoo,Biscoe,60.99998922,10,228,2000,male
Adelie,Biscoe,31.69599942,17.12521815,166,4323,female
Gentoo,Biscoe,46.61378435,14.27707974,234,5159,female
Adelie,Dream,41.54720683,10.03506783,194,3270,female
Adelie,Dream,36.81526336,23.87902226,182,5612,female
Gentoo,Biscoe,43.97589157,57,215,5216,female
Chinstrap,Dream,47.27944784,16.34287668,170,3451,female
Chinstrap,Dream,60.72936355,18.29920052,198,4154,male
Adelie,Torgersen,35.80726867,17.10327431,209,6287,female
Gentoo,Biscoe,54.62027781,14.76718477,219,6395,male
Gentoo,Biscoe,40.59801328,10.6390173,216,3775,female
Chinstrap,Dream,47.40820705,15.21418641,190,3316,male
Adelie,Biscoe,46.57701585,17.69453891,175,5644,female
Gentoo,Biscoe,53.3191924,18.12884378,232,5788,male
Chinstrap,Dream,45.67771784,18.20741567,197,3726,female
Adelie,Dream,38.80154415,17.00553704,162,4518,male
Adelie,Torgersen,41.59554421,19.35252102,191,2000,male
Gentoo,Biscoe,66.22070658,10,160,5923,male
Adelie,Dream,44.5774399,16.49916074,206,4655,female
Chinstrap,Dream,57.36919627,16.97363596,190,4548,male
Adelie,Torgersen,31.54498022,16.26475702,167,4234,female
Adelie,Torgersen,28.88145909,18.35391717,164,3354,male
Adelie,Torgersen,38.808857,27.17838201,207,7300,male
Gentoo,Biscoe,53.79845868,13.33648026,210,3626,female
Adelie,Dream,43.60689942,14.62478547,245,3550,female
Chinstrap,Dream,32.63406002,17.86480478,220,2000,male
Chinstrap,Dream,43.57373595,17.41517254,199,2067,female
Chinstrap,Dream,44.70473194,19.98354678,253,4011,male
Adelie,Dream,38.3349627,16.15248621,194,5208,female
Adelie,Biscoe,37.28348748,25.42616462,161,4263,female
Adelie,Torgersen,31.99019087,14.95848583,185,3769,female
Chinstrap,Dream,53.60224413,20.69956218,186,3089,female
Gentoo,Biscoe,52.50770134,14.77975409,232,7562,female
Adelie,Dream,30.10732865,17.95347208,182,3316,male
Gentoo,Biscoe,42.09213808,15.66480837,217,3476,male
Chinstrap,Dream,54.18457935,19.50488771,194,2000,male
Chinstrap,Dream,44.67286413,17.67417064,175,3316,female
Gentoo,Biscoe,53.89352308,14.48627051,216,4900,female
Chinstrap,Dream,46.95697643,18.37287602,212,4431,female
Chinstrap,Dream,51.26064991,16.24607001,166,3084,male
Adelie,Biscoe,40.93373673,21.27511268,179,2842,female
Adelie,Biscoe,25,30,244,4246,female
Gentoo,Biscoe,40.9857249,14.69190071,215,6242,male
Adelie,Torgersen,38.77051784,21.58922917,173,4011,female
Adelie,Dream,29.80681166,17.23875971,199,2240,male
Chinstrap,Dream,43.22887185,19.91336849,176,2078,female
Gentoo,Biscoe,59.10913117,13.00864228,216,5303,female
Gentoo,Biscoe,50.41107496,15.89529866,191,3103,male
Chinstrap,Dream,48.43836914,17.90926501,207,5009,male
Adelie,Torgersen,41.25410275,22.57141859,175,4296,female
Chinstrap,Dream,55.31112847,16.67633087,178,4287,male
Chinstrap,Dream,47.94902945,18.12531763,204,3375,female
Adelie,Dream,47.39640667,21.82056578,204,3458,male
Adelie,Torgersen,55.53999805,17.56414086,199,5041,female
Adelie,Dream,36.24784943,15.3553412,168,3142,male
Chinstrap,Dream,50.01117113,18.48966009,168,4317,female
Adelie,Torgersen,32.17646588,18.7999227,186,3143,male
Adelie,Biscoe,33.00997102,19.52988687,196,3995,male
Chinstrap,Dream,63.72221202,14.33469775,215,4017,male
Gentoo,Biscoe,47.8555135,12.3238373,195,4919,male
Gentoo,Biscoe,54.84358628,17.38759834,164,3334,female
Gentoo,Biscoe,50.0433611,15.86454691,228,5996,female
Adelie,Dream,38.79230238,20.69050587,162,3539,female
Adelie,Biscoe,52.51117409,19.77299046,167,3559,male
Gentoo,Biscoe,56.51982022,17.04322523,176,6551,female
Adelie,Torgersen,47.06954018,17.4668084,166,2334,female
Gentoo,Biscoe,59.24907543,14.57203206,210,6834,female
Gentoo,Biscoe,58.96852779,15.4645874,220,4791,male
Gentoo,Biscoe,44.86643526,14.65196698,207,5384,female
Gentoo,Biscoe,47.6188465,14.51057265,213,6963,female
Adelie,Biscoe,36.90739706,20.12876918,186,3524,male
Adelie,Biscoe,40.98218332,19.50210109,162,2597,male
Chinstrap,Dream,57.39375343,21.3071812,198,4723,male
Adelie,Torgersen,37.9402412,13.826905,176,3077,female
Gentoo,Biscoe,46.2491049,15.76607809,221,4198,male
Adelie,Torgersen,30.12542948,17.3271786,187,3492,female
Chinstrap,Dream,43.47991419,20.39541883,168,3765,female
Adelie,Torgersen,33.94799768,13.67011147,200,2992,female
Adelie,Torgersen,38.60457569,18.21799966,206,4053,male
Gentoo,Biscoe,52.96691958,15.38455519,219,4883,female
Gentoo,Biscoe,39.90547304,17.40812114,207,5288,male
Chinstrap,Dream,50.88892045,16.62627232,244,2816,female
Gentoo,Biscoe,69.70445321,10,174,4762,male
Adelie,Dream,50.52686511,13.40200906,260,2320,male
Adelie,Torgersen,39.17904357,18.69112833,186,3566,female
Gentoo,Biscoe,47.52941958,13.74260714,211,5666,male
Chinstrap,Dream,40.72946188,19.00259794,193,3457,male
Adelie,Torgersen,27.02280565,18.99207122,192,2237,male
Gentoo,Biscoe,46.76929329,16.23004384,213,4158,female
Adelie,Biscoe,46.28453049,20.5315377,177,4672,female
Gentoo,Biscoe,52.12528552,12.94959874,193,6454,male
Gentoo,Biscoe,52.85299528,11.61643179,216,4828,female
Gentoo,Biscoe,48.60445979,14.8583172,203,4971,male
Chinstrap,Dream,44.96960755,18.99956852,177,4042,female
Gentoo,Biscoe,55.23058037,15.88343586,238,3966,male
Adelie,Dream,35.4530316,16.47934563,208,3909,female
Gentoo,Biscoe,51.11642252,13.80736729,213,2981,male
Gentoo,Biscoe,42.94232893,12.03333423,204,6567,female
Adelie,Biscoe,36.72878502,19.6329819,190,3912,male
Adelie,Torgersen,43.83270903,14.89728252,191,3332,female
Gentoo,Biscoe,45.28870805,14.21688569,231,4465,female
Adelie,Biscoe,44.40947031,17.5147721,192,2859,female
Adelie,Biscoe,43.43131263,18.69732828,185,2078,male
Adelie,Dream,44.91447678,23.93782743,196,4646,female
Adelie,Biscoe,43.83836674,22.11375797,201,4148,male
Adelie,Torgersen,42.54840753,21.33434446,177,2563,female
Chinstrap,Dream,54.08532837,19.89586727,184,4029,female
Chinstrap,Dream,47.68876304,17.90658499,178,4442,female
Adelie,Biscoe,43.27783621,20.84983462,181,3345,female
Gentoo,Biscoe,50.652859,16.42880132,219,6008,female
Chinstrap,Dream,42.33150066,21.64704728,215,3138,female
Adelie,Torgersen,35.76247663,15.95843666,225,3643,female
Gentoo,Biscoe,45.40051848,16.86367599,244,2953,female
Adelie,Biscoe,36.73832179,13.50131937,188,2145,male
Gentoo,Biscoe,52.98830048,16.73738096,226,5487,female
Chinstrap,Dream,47.81329844,20.39801863,185,3385,male
Adelie,Dream,47.88416094,16.70564362,177,4311,female
Chinstrap,Dream,54.21544475,19.76929829,198,6289,female
Gentoo,Biscoe,58.55430185,18.0502404,247,5289,male
Gentoo,Biscoe,49.40801448,14.04440857,230,3405,male
Gentoo,Biscoe,51.54579111,10,243,3261,male
Chinstrap,Dream,54.57765536,17.28905765,190,2000,female
Adelie,Biscoe,42.99733286,17.61964618,194,4177,male
Gentoo,Biscoe,62.45139231,13.26431502,236,5200,female
Adelie,Biscoe,35.348121,19.87597035,196,3520,male
Gentoo,Biscoe,49.27632925,14.23824479,229,5026,male
Gentoo,Biscoe,49.16240302,13.15237741,237,5561,female
Adelie,Biscoe,34.61952358,17.31161779,208,2325,female
Adelie,Biscoe,36.15562588,18.68280024,173,3969,female
Gentoo,Biscoe,58.8541475,13.5852758,186,6176,male
Chinstrap,Dream,68.57809531,18.4754397,212,4077,male
Gentoo,Biscoe,48.98844549,16.39403888,203,5302,male
Adelie,Biscoe,40.02257742,12.87585708,184,2465,male
Gentoo,Biscoe,70,14.63884839,209,6007,male
Adelie,Torgersen,44.87565725,20.884915,160,3963,female
Gentoo,Biscoe,50.27650724,14.10510884,228,5656,female
Gentoo,Biscoe,48.23536163,11.29061585,239,6792,female
Gentoo,Biscoe,53.39253979,13.16951078,232,7148,female
Adelie,Dream,34.54103898,21.32249358,207,2259,female
Adelie,Torgersen,39.5779567,19.72667929,187,3686,male
Gentoo,Biscoe,70,13.23980528,260,5509,male
Gentoo,Biscoe,40.48441111,10,217,5992,male
Gentoo,Biscoe,58.01778511,14.43529494,188,4978,male
Adelie,Biscoe,31.53463947,21.37914376,201,3107,male
Adelie,Torgersen,28.76354937,19.82017107,185,5606,female
Gentoo,Biscoe,45.39102847,17.35274587,203,5939,male
Gentoo,Biscoe,48.87941936,16.16452218,224,6864,male
Chinstrap,Dream,32.48944007,17.74580813,164,3446,male
Chinstrap,Dream,42.36654822,18.93963211,192,5170,female
Adelie,Biscoe,47.88329915,30,256,3821,male
Gentoo,Biscoe,44.842212,12.06952099,220,6630,male
Adelie,Dream,47.45331382,13.87783941,197,2490,male
Gentoo,Biscoe,51.01425408,16.94655177,219,5762,female
Adelie,Biscoe,45.68417607,16.6012125,177,3523,male
Adelie,Torgersen,35.60156717,20.34980633,192,4132,male
Gentoo,Biscoe,42.05575528,18.6219043,223,5644,female
Gentoo,Biscoe,54.81613817,15.6760555,215,3346,male
Gentoo,Biscoe,70,21.29896147,260,2000,female
Gentoo,Biscoe,64.35743015,13.24305642,253,3448,male
Gentoo,Biscoe,49.7844748,14.11453085,222,3607,male
Adelie,Biscoe,40.63688893,55,188,2724,female
Gentoo,Biscoe,61.36345732,13.37642039,225,4880,male
Adelie,Dream,44.87026791,20.87952921,187,2868,female
Gentoo,Biscoe,51.00953556,14.53956013,223,5262,female
Gentoo,Biscoe,62.67192953,23.34036785,229,4371,male
Gentoo,Biscoe,56.95684203,16.31186825,215,6781,male
Adelie,Biscoe,41.39521474,18.38967622,224,3775,female
Gentoo,Biscoe,48.73896113,16.16141877,222,3627,female
Adelie,Torgersen,37.39683377,22.5788432,233,2662,male
Adelie,Dream,35.44533792,16.58899889,193,4895,male
Adelie,Torgersen,28.40574179,21.72560733,214,2241,male
Gentoo,Biscoe,57.32768571,17.43785248,221,5928,male
Chinstrap,Dream,63.65698373,18.70394795,179,3404,female
Adelie,Biscoe,39.45889056,21.70576743,170,4936,female
Adelie,Dream,32.48218471,16.12976938,186,2498,male
Gentoo,Biscoe,48.93411241,16.54124998,200,7240,female
Adelie,Biscoe,35.49464466,23.54850852,186,5634,male
Chinstrap,Dream,47.54853845,22.82752183,214,3680,female
Adelie,Dream,40.54574062,16.3605478,188,3128,male
Adelie,Torgersen,33.673823,20.65202202,194,4569,male
Gentoo,Biscoe,51.28456689,22.34755691,218,7595,male
Adelie,Biscoe,47.50448015,16.91926997,198,3773,male
Adelie,Dream,33.4122582,13.13280676,186,2585,female
Adelie,Dream,26.11577477,14.87464757,197,5048,male
Gentoo,Biscoe,53.47373539,67,243,5855,female
Chinstrap,Dream,47.41377269,19.17146746,184,3586,male
Adelie,Torgersen,43.49906842,17.45283618,173,3069,female
Gentoo,Biscoe,51.8375853,18.48775485,226,2804,female
Adelie,Biscoe,34.27430185,14.67721165,173,5615,female
Gentoo,Biscoe,57.80851845,16.67751845,192,5055,female
Adelie,Torgersen,43.84794597,16.90794869,186,5281,female
Adelie,Dream,42.15873139,14.97652856,181,2454,male
Chinstrap,Dream,56.03082019,20.96408776,198,3477,male
Gentoo,Biscoe,50.48604128,12.50363268,235,5425,male
Adelie,Torgersen,44.58559485,24.62986163,202,2313,male
Adelie,Biscoe,40.63986402,17.88310437,200,3316,male
Chinstrap,Dream,45.41576983,19.91126334,256,2594,female
Chinstrap,Dream,39.90517064,10,243,2000,female
Gentoo,Biscoe,46.59512178,15.16392504,254,6891,male
Chinstrap,Dream,41.0942739,19.39787872,198,3718,female
Chinstrap,Dream,52.76549116,18.96551439,185,5342,female
Gentoo,Biscoe,50.23435987,15.36040486,185,3575,male
Gentoo,Biscoe,56.35348221,16.50284223,222,2718,female
Adelie,Dream,36.19503157,21.92056511,215,6073,male
Adelie,Torgersen,33.07633361,18.75838846,170,4699,female
Gentoo,Biscoe,44.53640707,14.12810258,225,4533,male
Chinstrap,Dream,60.17864499,17.23366559,214,5707,female
Adelie,Torgersen,33.28141263,17.92073635,212,3279,male
Adelie,Dream,42.63834171,14.99264583,206,2000,female
Adelie,Dream,40.27975558,15.90900121,230,4855,male
Gentoo,Biscoe,70,25.54686919,166,4025,female
Adelie,Torgersen,43.1878662,17.30515578,189,4402,male
Gentoo,Biscoe,51.57031204,13.16392001,191,6062,male
Adelie,Torgersen,37.10266352,17.65186816,164,3366,female
Gentoo,Biscoe,43.91057437,19.28357984,225,4909,male
Gentoo,Biscoe,25,20.45756723,260,4931,female
Gentoo,Biscoe,70,15.00361696,234,4511,female
Adelie,Biscoe,32.74349873,12.19155196,211,2571,male
Adelie,Dream,37.26685149,10.15501216,160,2000,male
Gentoo,Biscoe,70,19.73543762,244,5446,female
Adelie,Biscoe,39.12007046,76,170,3763,female
Adelie,Dream,50.27885,17.54691385,160,4402,male
Gentoo,Biscoe,48.2298206,14.97357341,182,5905,male
Adelie,Biscoe,32.61589218,16.3526028,180,4257,male
Chinstrap,Dream,53.04061563,13.65461856,226,3924,male
Chinstrap,Dream,51.08236751,14.45041404,200,2000,female
Chinstrap,Dream,59.27766616,17.83121826,180,4629,female
Chinstrap,Dream,51.83548203,20.03907543,178,4501,male
Gentoo,Biscoe,39.03743466,13.6659582,207,5959,male
Adelie,Torgersen,41.28668668,20.04208771,199,3668,male
Chinstrap,Dream,33.95089123,18.48268199,193,3642,male
Gentoo,Biscoe,42.89216671,11.64220941,188,6512,female
Gentoo,Biscoe,40.43423357,14.45428931,225,6945,female
Gentoo,Biscoe,57.70773261,11.08974662,206,5068,female
Chinstrap,Dream,65.28040233,20.56840936,200,2880,male
Adelie,Torgersen,35.79877699,17.09469221,164,3650,male
Gentoo,Biscoe,53.70415126,16.96249424,208,4568,male
Gentoo,Biscoe,52.8054972,13.23941827,225,6061,female
Adelie,Torgersen,39.63791343,58,198,5519,male
Adelie,Dream,41.06650792,14.69943062,195,3411,female
Adelie,Dream,45.4593083,25.23470482,187,2845,female
Gentoo,Biscoe,50.64192304,13.67378924,226,5182,female
Adelie,Torgersen,37.48054959,19.3624244,211,3116,female
Adelie,Torgersen,35.16829753,18.67835432,199,4500,male
Chinstrap,Dream,57.32400511,17.5557279,187,5588,female
Gentoo,Biscoe,46.33894832,14.48555121,206,2907,female
Gentoo,Biscoe,54.96090038,15.60348186,211,5340,female
Chinstrap,Dream,47.78567071,17.26707496,208,3989,male
Adelie,Dream,35.11358803,23.598595,173,3878,female
Gentoo,Biscoe,49.18208785,14.04313772,199,4815,female
Adelie,Biscoe,30.75279679,22.97217938,186,2611,female
Adelie,Torgersen,35.32963834,16.47038866,189,3190,male
Chinstrap,Dream,46.40905325,21.25329184,205,4306,male
Adelie,Torgersen,46.83971846,17.36566688,173,4073,male
Gentoo,Biscoe,51.04039057,86,237,5884,female
Chinstrap,Dream,57.79214322,16.97835065,189,4421,female
Gentoo,Biscoe,63.44253464,14.52785489,188,5834,female
Gentoo,Biscoe,60.18268827,45,207,4537,female
Adelie,Biscoe,42.17389903,20.44324857,201,2418,male
Adelie,Torgersen,28.94884146,14.34024129,162,3515,female
Gentoo,Biscoe,49.3897788,13.48424275,217,5726,male
Adelie,Biscoe,45.51220628,78,185,3156,male
Adelie,Torgersen,45.25219841,13.69861013,198,2281,male
Adelie,Biscoe,33.83872286,16.97781666,170,3640,female
Chinstrap,Dream,51.85548176,24.18515122,176,3960,female
Adelie,Biscoe,39.73430064,21.82868191,164,3188,female
Adelie,Dream,33.9228585,21.53067339,228,5111,male
Chinstrap,Dream,42.03568792,19.50750751,218,4265,female
Adelie,Torgersen,26.77150652,91,188,4298,female
Chinstrap,Dream,50.5212768,45,214,3670,female
Chinstrap,Dream,57.58343197,19.42893277,202,2583,female
Gentoo,Biscoe,35.88938581,14.46313023,210,5716,female
Adelie,Biscoe,38.58763465,23.55191417,180,4493,male
Adelie,Biscoe,36.86810628,17.68498749,200,2000,male
Adelie,Torgersen,39.51187289,19.45284058,183,3313,male
Adelie,Torgersen,34.69565476,19.60243699,165,5120,female
Adelie,Torgersen,36.06551977,67,187,4405,male
Adelie,Dream,42.89218095,20.29851667,219,2975,male
Chinstrap,Dream,39.65067837,19.57842021,193,5256,male
Gentoo,Biscoe,51.08545634,10.69949678,225,3953,male
Chinstrap,Dream,61.65151061,18.48062898,169,3897,male
Gentoo,Biscoe,47.49358587,90,215,4030,female
Adelie,Biscoe,34.4907084,16.38676702,189,2413,male
Gentoo,Biscoe,46.19177082,14.43273986,236,5564,male
Adelie,Dream,43.34425992,16.39185719,191,3670,male
Adelie,Biscoe,37.93954683,15.78143295,196,2737,female
Chinstrap,Dream,48.43475062,20.27712227,195,3813,male
Adelie,Biscoe,34.38424329,15.59800736,178,4874,female
Adelie,Biscoe,36.06586871,20.34443206,225,2741,female
Adelie,Biscoe,36.95633537,19.78001877,168,4563,female
Gentoo,Biscoe,60.27223699,55,235,3436,female
Gentoo,Biscoe,53.73192554,18.05092532,187,5098,male
Adelie,Biscoe,46.21443464,17.93114007,208,3658,male
Gentoo,Biscoe,42.50241587,13.24929765,218,4534,male
Adelie,Dream,52.90099593,21.98909484,203,2361,female
Gentoo,Biscoe,47.93150369,20.01991276,237,4484,female
Gentoo,Biscoe,57.75896545,49,236,5446,male
Gentoo,Biscoe,48.67007652,17.24435399,196,3263,female
Gentoo,Biscoe,31.16364087,19.0996919,210,5899,female
Gentoo,Biscoe,42.41012667,20.04364374,213,4931,male
Chinstrap,Dream,57.36875143,21.48159568,198,3431,female
Gentoo,Biscoe,58.33776439,15.30487211,245,4110,male
Adelie,Torgersen,49.46508724,22.06598207,196,2787,female
Gentoo,Biscoe,68.50298223,10,177,2000,male
Adelie,Torgersen,60.3160944,18.48594473,184,3091,male
Adelie,Torgersen,38.54391256,17.49194021,216,2007,male
Adelie,Dream,26.91173359,20.22376971,162,4240,female
Adelie,Biscoe,40.54371028,16.27158889,195,4872,female
Chinstrap,Dream,52.72227696,20.35172469,168,3787,female
Gentoo,Biscoe,52.85294426,17.33214202,222,6529,male
Chinstrap,Dream,43.10078971,18.63438903,198,3555,female
Gentoo,Biscoe,48.98659052,14.01726925,226,4772,female
Adelie,Torgersen,27.51762834,60,165,4703,male
Adelie,Dream,25,14.88163241,167,5128,female
Adelie,Biscoe,43.73028634,17.2324063,192,4324,male
Adelie,Dream,44.29110866,25,179,7642,male
Adelie,Dream,49.74825116,21.18020398,194,4432,female
Gentoo,Biscoe,39.12953681,15.96350183,226,3325,female
Adelie,Biscoe,31.8417962,21.37909602,181,4030,female
Adelie,Torgersen,41.02733739,29.10190838,213,4013,female
Gentoo,Biscoe,47.54452879,16.40292539,210,5488,female
Gentoo,Biscoe,43.52684236,60,213,4804,female
